alias::af840b69019528a7	term::49f47c12aa4f1c38	Breath of the Dying	BOTD	query_term_key	mixed	\N	0.99	docs/tier0/bilingual-term-map.json	True	10	"{""origin"": ""term_map_key""}"
alias::df099ca72ea3ba07	term::49f47c12aa4f1c38	Breath of the Dying	breath of the dying	canonical_expansion	en	\N	0.95	docs/tier0/bilingual-term-map.json	True	20	"{""origin"": ""term_map_alias""}"
alias::1adff00945a5ce85	term::15b4648489e7d40e	Chains of Honor	COH	query_term_key	mixed	\N	0.99	docs/tier0/bilingual-term-map.json	True	10	"{""origin"": ""term_map_key""}"
alias::427c77e4c5f813f9	term::15b4648489e7d40e	Chains of Honor	chains of honor	canonical_expansion	en	\N	0.95	docs/tier0/bilingual-term-map.json	True	20	"{""origin"": ""term_map_alias""}"
alias::20338bc0c8c6700e	term::15b4648489e7d40e	Chains of Honor	荣耀之链	canonical_expansion	zh	\N	0.95	docs/tier0/bilingual-term-map.json	True	20	"{""origin"": ""term_map_alias""}"
alias::450bfb601d1c46ef	term::5eb381425a253fd8	Call to Arms	CTA	query_term_key	mixed	\N	0.99	docs/tier0/bilingual-term-map.json	True	10	"{""origin"": ""term_map_key""}"
alias::ba5fc1060c12e0ea	term::5eb381425a253fd8	Call to Arms	call to arms	canonical_expansion	en	\N	0.95	docs/tier0/bilingual-term-map.json	True	20	"{""origin"": ""term_map_alias""}"
alias::bd5b4680d85a0d16	term::5eb381425a253fd8	Call to Arms	战争召唤	canonical_expansion	zh	\N	0.95	docs/tier0/bilingual-term-map.json	True	20	"{""origin"": ""term_map_alias""}"
alias::5051ce1679b9ad45	term::64a72bcf5ac186c9	Diablo Clone	DClone	query_term_key	mixed	\N	0.99	docs/tier0/bilingual-term-map.json	True	10	"{""origin"": ""term_map_key""}"
alias::1fa1ea9ffcc439f8	term::64a72bcf5ac186c9	Diablo Clone	diablo clone	canonical_expansion	en	\N	0.95	docs/tier0/bilingual-term-map.json	True	20	"{""origin"": ""term_map_alias""}"
alias::bc8dbb01b5bbbdd4	term::64a72bcf5ac186c9	Diablo Clone	暗黑克隆	canonical_expansion	zh	\N	0.95	docs/tier0/bilingual-term-map.json	True	20	"{""origin"": ""term_map_alias""}"
alias::41c103ef5fbe59c0	term::64a72bcf5ac186c9	Diablo Clone	annihilus	canonical_expansion	en	\N	0.95	docs/tier0/bilingual-term-map.json	True	20	"{""origin"": ""term_map_alias""}"
alias::6e72604a42be7013	term::6dbc38a348d23850	Heart of the Oak	HOTO	query_term_key	mixed	\N	0.99	docs/tier0/bilingual-term-map.json	True	10	"{""origin"": ""term_map_key""}"
alias::f7b7788e9bda5308	term::6dbc38a348d23850	Heart of the Oak	heart of the oak	canonical_expansion	en	\N	0.95	docs/tier0/bilingual-term-map.json	True	20	"{""origin"": ""term_map_alias""}"
alias::e4cad5d7dd056df9	term::6dbc38a348d23850	Heart of the Oak	橡树之心	canonical_expansion	zh	\N	0.95	docs/tier0/bilingual-term-map.json	True	20	"{""origin"": ""term_map_alias""}"
alias::1c6a30cc7d8bd3f8	term::e9c96b870c615c26	Magic Find	MF	query_term_key	mixed	\N	0.99	docs/tier0/bilingual-term-map.json	True	10	"{""origin"": ""term_map_key""}"
alias::3fce95b315d10041	term::e9c96b870c615c26	Magic Find	magic find	canonical_expansion	en	\N	0.95	docs/tier0/bilingual-term-map.json	True	20	"{""origin"": ""term_map_alias""}"
alias::9ea381dd85d27b9f	term::e9c96b870c615c26	Magic Find	刷宝	canonical_expansion	zh	\N	0.95	docs/tier0/bilingual-term-map.json	True	20	"{""origin"": ""term_map_alias""}"
alias::358e3120262f899c	term::1c869b316a6bc130	Stone of Jordan	SOJ	query_term_key	mixed	\N	0.99	docs/tier0/bilingual-term-map.json	True	10	"{""origin"": ""term_map_key""}"
alias::6c59f567e6875797	term::1c869b316a6bc130	Stone of Jordan	stone of jordan	canonical_expansion	en	\N	0.95	docs/tier0/bilingual-term-map.json	True	20	"{""origin"": ""term_map_alias""}"
alias::21e7ef058a5d493e	term::1c869b316a6bc130	Stone of Jordan	乔丹	canonical_expansion	zh	\N	0.95	docs/tier0/bilingual-term-map.json	True	20	"{""origin"": ""term_map_alias""}"
alias::60a6000e6875be06	term::89d950b0588eccbb	Hellfire Torch	ULC	query_term_key	mixed	\N	0.99	docs/tier0/bilingual-term-map.json	True	10	"{""origin"": ""term_map_key""}"
alias::994c6bab2515e28f	term::89d950b0588eccbb	Hellfire Torch	hellfire torch	canonical_expansion	en	\N	0.95	docs/tier0/bilingual-term-map.json	True	20	"{""origin"": ""term_map_alias""}"
alias::2140fbfd4086c731	term::89d950b0588eccbb	Hellfire Torch	torch	canonical_expansion	en	\N	0.95	docs/tier0/bilingual-term-map.json	True	20	"{""origin"": ""term_map_alias""}"
alias::f7e1eee2e155c82a	term::89d950b0588eccbb	Hellfire Torch	unique large charm	canonical_expansion	en	\N	0.95	docs/tier0/bilingual-term-map.json	True	20	"{""origin"": ""term_map_alias""}"
alias::d8a180ea537d5103	term::34e03470c183873b	Annihilus	USC	query_term_key	mixed	\N	0.99	docs/tier0/bilingual-term-map.json	True	10	"{""origin"": ""term_map_key""}"
alias::9adc1d8176897041	term::34e03470c183873b	Annihilus	annihilus	canonical_expansion	en	\N	0.95	docs/tier0/bilingual-term-map.json	True	20	"{""origin"": ""term_map_alias""}"
alias::8ef0eccbce54bb9d	term::34e03470c183873b	Annihilus	毁灭	canonical_expansion	zh	\N	0.95	docs/tier0/bilingual-term-map.json	True	20	"{""origin"": ""term_map_alias""}"
alias::55797356c8ba9f21	term::34e03470c183873b	Annihilus	unique small charm	canonical_expansion	en	\N	0.95	docs/tier0/bilingual-term-map.json	True	20	"{""origin"": ""term_map_alias""}"
alias::d5072883a10e40cb	term::547a1ef65faf97a4	The Reaper's Toll	丧钟	query_term_key	mixed	\N	0.99	docs/tier0/bilingual-term-map.json	True	10	"{""origin"": ""term_map_key""}"
alias::32841a4fe01c0aa1	term::547a1ef65faf97a4	The Reaper's Toll	the reaper's toll	canonical_expansion	en	\N	0.95	docs/tier0/bilingual-term-map.json	True	20	"{""origin"": ""term_map_alias""}"
alias::ebcc58ac0b43308d	term::547a1ef65faf97a4	The Reaper's Toll	reaper's toll	canonical_expansion	en	\N	0.95	docs/tier0/bilingual-term-map.json	True	20	"{""origin"": ""term_map_alias""}"
alias::0cc134e03ec3f747	term::1c869b316a6bc130	Stone of Jordan	乔丹	query_term_key	mixed	\N	0.99	docs/tier0/bilingual-term-map.json	True	10	"{""origin"": ""term_map_key""}"
alias::acf5d21df95933a0	term::1c869b316a6bc130	Stone of Jordan	the stone of jordan unique ring	canonical_expansion	en	\N	0.95	docs/tier0/bilingual-term-map.json	True	20	"{""origin"": ""term_map_alias""}"
alias::93a57756e8082d99	term::1c869b316a6bc130	Stone of Jordan	soj	canonical_expansion	en	\N	0.95	docs/tier0/bilingual-term-map.json	True	20	"{""origin"": ""term_map_alias""}"
alias::6794f53490ee52c1	term::1c869b316a6bc130	Stone of Jordan	unique ring +1 to all skills	canonical_expansion	en	\N	0.95	docs/tier0/bilingual-term-map.json	True	20	"{""origin"": ""term_map_alias""}"
alias::5630c85f159473aa	term::1c869b316a6bc130	Stone of Jordan	increase maximum mana 25	canonical_expansion	en	\N	0.95	docs/tier0/bilingual-term-map.json	True	20	"{""origin"": ""term_map_alias""}"
alias::60fc098ac5afc613	term::d938797b8086b595	Monarch	军团圣盾	query_term_key	mixed	\N	0.99	docs/tier0/bilingual-term-map.json	True	10	"{""origin"": ""term_map_key""}"
alias::9d0e84b676f3c09a	term::d938797b8086b595	Monarch	monarch	canonical_expansion	en	\N	0.95	docs/tier0/bilingual-term-map.json	True	20	"{""origin"": ""term_map_alias""}"
alias::75eaaa4625c9b042	term::d938797b8086b595	Monarch	monarch shield	canonical_expansion	en	\N	0.95	docs/tier0/bilingual-term-map.json	True	20	"{""origin"": ""term_map_alias""}"
alias::578079878a3b0b5d	term::9150e9408c56102b	Harlequin Crest	军帽	query_term_key	mixed	\N	0.99	docs/tier0/bilingual-term-map.json	True	10	"{""origin"": ""term_map_key""}"
alias::5cec742cc5bec4f1	term::9150e9408c56102b	Harlequin Crest	harlequin crest	canonical_expansion	en	\N	0.95	docs/tier0/bilingual-term-map.json	True	20	"{""origin"": ""term_map_alias""}"
alias::fd637862ce3f8298	term::9150e9408c56102b	Harlequin Crest	shako	canonical_expansion	en	\N	0.95	docs/tier0/bilingual-term-map.json	True	20	"{""origin"": ""term_map_alias""}"
alias::83ab82c69daafb19	term::9150e9408c56102b	Harlequin Crest	谐角之冠	canonical_expansion	zh	\N	0.95	docs/tier0/bilingual-term-map.json	True	20	"{""origin"": ""term_map_alias""}"
alias::355ed93b2341d9f5	term::49cf043ba5bd67b8	Blizzard Sorceress	冰法	query_term_key	mixed	\N	0.99	docs/tier0/bilingual-term-map.json	True	10	"{""origin"": ""term_map_key""}"
alias::b76e2c04c427354b	term::49cf043ba5bd67b8	Blizzard Sorceress	blizzard sorceress	canonical_expansion	en	\N	0.95	docs/tier0/bilingual-term-map.json	True	20	"{""origin"": ""term_map_alias""}"
alias::a184f7c6613ebfab	term::49cf043ba5bd67b8	Blizzard Sorceress	blizz sorc	canonical_expansion	en	\N	0.95	docs/tier0/bilingual-term-map.json	True	20	"{""origin"": ""term_map_alias""}"
alias::86d8f87decdf6987	term::49cf043ba5bd67b8	Blizzard Sorceress	cold sorceress	canonical_expansion	en	\N	0.95	docs/tier0/bilingual-term-map.json	True	20	"{""origin"": ""term_map_alias""}"
alias::c6e5318f6f0b298d	term::fd78cedee24a4e79	Fortitude	刚毅	query_term_key	mixed	\N	0.99	docs/tier0/bilingual-term-map.json	True	10	"{""origin"": ""term_map_key""}"
alias::cf379aa706affad9	term::fd78cedee24a4e79	Fortitude	fortitude	canonical_expansion	en	\N	0.95	docs/tier0/bilingual-term-map.json	True	20	"{""origin"": ""term_map_alias""}"
alias::a0a9d99a5d15502e	term::fd78cedee24a4e79	Fortitude	fortitude runeword	canonical_expansion	en	\N	0.95	docs/tier0/bilingual-term-map.json	True	20	"{""origin"": ""term_map_alias""}"
alias::83e44676553c0533	term::e9c96b870c615c26	Magic Find	刷宝	query_term_key	mixed	\N	0.99	docs/tier0/bilingual-term-map.json	True	10	"{""origin"": ""term_map_key""}"
alias::17c63e299394cd50	term::e9c96b870c615c26	Magic Find	mf	canonical_expansion	en	\N	0.95	docs/tier0/bilingual-term-map.json	True	20	"{""origin"": ""term_map_alias""}"
alias::d79d4bcebc3da09f	term::24c8f3838dae0816	Mephisto	劳模	query_term_key	mixed	\N	0.99	docs/tier0/bilingual-term-map.json	True	10	"{""origin"": ""term_map_key""}"
alias::d2330cd7c3ea61fd	term::24c8f3838dae0816	Mephisto	mephisto	canonical_expansion	en	\N	0.95	docs/tier0/bilingual-term-map.json	True	20	"{""origin"": ""term_map_alias""}"
alias::95f515f7341fc605	term::24c8f3838dae0816	Mephisto	hell mephisto	canonical_expansion	en	\N	0.95	docs/tier0/bilingual-term-map.json	True	20	"{""origin"": ""term_map_alias""}"
alias::38ec0f703c720ef4	term::24c8f3838dae0816	Mephisto	act 3 demon boss	canonical_expansion	en	\N	0.95	docs/tier0/bilingual-term-map.json	True	20	"{""origin"": ""term_map_alias""}"
alias::8f0c139d22d09d9f	term::24c8f3838dae0816	Mephisto	durance of hate level 3	canonical_expansion	en	\N	0.95	docs/tier0/bilingual-term-map.json	True	20	"{""origin"": ""term_map_alias""}"
alias::007ddb0269819a33	term::464532eaf5d86ee5	Ancient Tunnels	古代通道	query_term_key	mixed	\N	0.99	docs/tier0/bilingual-term-map.json	True	10	"{""origin"": ""term_map_key""}"
alias::9d23b5467c63253b	term::464532eaf5d86ee5	Ancient Tunnels	ancient tunnels	canonical_expansion	en	\N	0.95	docs/tier0/bilingual-term-map.json	True	20	"{""origin"": ""term_map_alias""}"
alias::c0519c3f36c272ca	term::464532eaf5d86ee5	Ancient Tunnels	ancient tunnel	canonical_expansion	en	\N	0.95	docs/tier0/bilingual-term-map.json	True	20	"{""origin"": ""term_map_alias""}"
alias::1cf8f0947a65a90c	term::464532eaf5d86ee5	Ancient Tunnels	act 2 area	canonical_expansion	en	\N	0.95	docs/tier0/bilingual-term-map.json	True	20	"{""origin"": ""term_map_alias""}"
alias::7719e475d4aafea7	term::464532eaf5d86ee5	Ancient Tunnels	lost city cave	canonical_expansion	en	\N	0.95	docs/tier0/bilingual-term-map.json	True	20	"{""origin"": ""term_map_alias""}"
alias::d5ee18ed74338adb	term::1a3f3e0134cb0164	Summon Necromancer	召唤死灵	query_term_key	mixed	\N	0.99	docs/tier0/bilingual-term-map.json	True	10	"{""origin"": ""term_map_key""}"
alias::59e45c0620c4c8d9	term::1a3f3e0134cb0164	Summon Necromancer	summon necromancer	canonical_expansion	en	\N	0.95	docs/tier0/bilingual-term-map.json	True	20	"{""origin"": ""term_map_alias""}"
alias::f4fc479d90e6ba14	term::1a3f3e0134cb0164	Summon Necromancer	summoner necromancer	canonical_expansion	en	\N	0.95	docs/tier0/bilingual-term-map.json	True	20	"{""origin"": ""term_map_alias""}"
alias::99f1a93914baaacd	term::c9a72ad5ad71d6e8	Guillaume's Face	吉永	query_term_key	mixed	\N	0.99	docs/tier0/bilingual-term-map.json	True	10	"{""origin"": ""term_map_key""}"
alias::193dc24f73a9613c	term::c9a72ad5ad71d6e8	Guillaume's Face	guillaume's face	canonical_expansion	en	\N	0.95	docs/tier0/bilingual-term-map.json	True	20	"{""origin"": ""term_map_alias""}"
alias::3e1cf131d3366f08	term::c9a72ad5ad71d6e8	Guillaume's Face	guillaumes face	canonical_expansion	en	\N	0.95	docs/tier0/bilingual-term-map.json	True	20	"{""origin"": ""term_map_alias""}"
alias::9ab4d389842c1d1b	term::89d950b0588eccbb	Hellfire Torch	地狱火炬	query_term_key	mixed	\N	0.99	docs/tier0/bilingual-term-map.json	True	10	"{""origin"": ""term_map_key""}"
alias::e2bf4c13cc4d3919	term::89d950b0588eccbb	Hellfire Torch	火炬	canonical_expansion	zh	\N	0.95	docs/tier0/bilingual-term-map.json	True	20	"{""origin"": ""term_map_alias""}"
alias::10e7c94b96e2eb63	term::0b7cc6f6a1beebfd	The Pit	地穴	query_term_key	mixed	\N	0.99	docs/tier0/bilingual-term-map.json	True	10	"{""origin"": ""term_map_key""}"
alias::f5415ba8cf6a2753	term::0b7cc6f6a1beebfd	The Pit	the pit	canonical_expansion	en	\N	0.95	docs/tier0/bilingual-term-map.json	True	20	"{""origin"": ""term_map_alias""}"
alias::e3649da83a7b5f67	term::0b7cc6f6a1beebfd	The Pit	pit level 1	canonical_expansion	en	\N	0.95	docs/tier0/bilingual-term-map.json	True	20	"{""origin"": ""term_map_alias""}"
alias::9558a6ab15436e8a	term::0b7cc6f6a1beebfd	The Pit	pit level 2	canonical_expansion	en	\N	0.95	docs/tier0/bilingual-term-map.json	True	20	"{""origin"": ""term_map_alias""}"
alias::04cfd6c8dc838977	term::c2c7d475421243e7	Gheed's Fortune	基德	query_term_key	mixed	\N	0.99	docs/tier0/bilingual-term-map.json	True	10	"{""origin"": ""term_map_key""}"
alias::88accd45168b91fe	term::c2c7d475421243e7	Gheed's Fortune	gheed's fortune	canonical_expansion	en	\N	0.95	docs/tier0/bilingual-term-map.json	True	20	"{""origin"": ""term_map_alias""}"
alias::a4cc7be25a28f625	term::c2c7d475421243e7	Gheed's Fortune	gheeds fortune	canonical_expansion	en	\N	0.95	docs/tier0/bilingual-term-map.json	True	20	"{""origin"": ""term_map_alias""}"
alias::3d0fa710c4fbc637	term::e026caf7260d449f	Tal Rasha's Wrappings	塔套	query_term_key	mixed	\N	0.99	docs/tier0/bilingual-term-map.json	True	10	"{""origin"": ""term_map_key""}"
alias::a6f373f45eaa375f	term::e026caf7260d449f	Tal Rasha's Wrappings	tal rasha's wrappings	canonical_expansion	en	\N	0.95	docs/tier0/bilingual-term-map.json	True	20	"{""origin"": ""term_map_alias""}"
alias::061683d7b980e5b8	term::e026caf7260d449f	Tal Rasha's Wrappings	tal rasha set	canonical_expansion	en	\N	0.95	docs/tier0/bilingual-term-map.json	True	20	"{""origin"": ""term_map_alias""}"
alias::bf05421a74147df7	term::94ca8c090cef46ca	Diablo	大菠萝	query_term_key	mixed	\N	0.99	docs/tier0/bilingual-term-map.json	True	10	"{""origin"": ""term_map_key""}"
alias::ca3768b1c0778827	term::94ca8c090cef46ca	Diablo	diablo	canonical_expansion	en	\N	0.95	docs/tier0/bilingual-term-map.json	True	20	"{""origin"": ""term_map_alias""}"
alias::0336127bf5882da3	term::94ca8c090cef46ca	Diablo	diablo boss	canonical_expansion	en	\N	0.95	docs/tier0/bilingual-term-map.json	True	20	"{""origin"": ""term_map_alias""}"
alias::88498745a9addfe3	term::94ca8c090cef46ca	Diablo	act 4 demon boss	canonical_expansion	en	\N	0.95	docs/tier0/bilingual-term-map.json	True	20	"{""origin"": ""term_map_alias""}"
alias::992f0f0a727d1241	term::94ca8c090cef46ca	Diablo	lord of terror	canonical_expansion	en	\N	0.95	docs/tier0/bilingual-term-map.json	True	20	"{""origin"": ""term_map_alias""}"
alias::8c6e7104112feb91	term::94ca8c090cef46ca	Diablo	chaos sanctuary boss	canonical_expansion	en	\N	0.95	docs/tier0/bilingual-term-map.json	True	20	"{""origin"": ""term_map_alias""}"
alias::9e6d0049499b833f	term::db1de7b78cbbf0dc	The Countess	女伯爵	query_term_key	mixed	\N	0.99	docs/tier0/bilingual-term-map.json	True	10	"{""origin"": ""term_map_key""}"
alias::a9f9cc2278b12462	term::db1de7b78cbbf0dc	The Countess	the countess	canonical_expansion	en	\N	0.95	docs/tier0/bilingual-term-map.json	True	20	"{""origin"": ""term_map_alias""}"
alias::be63f4be2dcfee07	term::db1de7b78cbbf0dc	The Countess	countess	canonical_expansion	en	\N	0.95	docs/tier0/bilingual-term-map.json	True	20	"{""origin"": ""term_map_alias""}"
alias::906b2792f1c431e2	term::db1de7b78cbbf0dc	The Countess	act 1 demon superunique	canonical_expansion	en	\N	0.95	docs/tier0/bilingual-term-map.json	True	20	"{""origin"": ""term_map_alias""}"
alias::a6f9fc4998f63888	term::db1de7b78cbbf0dc	The Countess	tower cellar level 5	canonical_expansion	en	\N	0.95	docs/tier0/bilingual-term-map.json	True	20	"{""origin"": ""term_map_alias""}"
alias::30a6e0e4650bfdcf	term::707efc732b01de18	Bul-Kathos' Wedding Band	婚戒	query_term_key	mixed	\N	0.99	docs/tier0/bilingual-term-map.json	True	10	"{""origin"": ""term_map_key""}"
alias::e2c8dea3f21ee4d0	term::707efc732b01de18	Bul-Kathos' Wedding Band	bul-kathos' wedding band	canonical_expansion	en	\N	0.95	docs/tier0/bilingual-term-map.json	True	20	"{""origin"": ""term_map_alias""}"
alias::3a3d78a911bfcda4	term::707efc732b01de18	Bul-Kathos' Wedding Band	bul kathos wedding band	canonical_expansion	en	\N	0.95	docs/tier0/bilingual-term-map.json	True	20	"{""origin"": ""term_map_alias""}"
alias::0684ed79b4f998da	term::70460517a1ae6753	Andariel's Visage	安头	query_term_key	mixed	\N	0.99	docs/tier0/bilingual-term-map.json	True	10	"{""origin"": ""term_map_key""}"
alias::956a31a0a8da99ad	term::70460517a1ae6753	Andariel's Visage	andariel's visage	canonical_expansion	en	\N	0.95	docs/tier0/bilingual-term-map.json	True	20	"{""origin"": ""term_map_alias""}"
alias::e0183fe137bcd000	term::70460517a1ae6753	Andariel's Visage	andariels visage	canonical_expansion	en	\N	0.95	docs/tier0/bilingual-term-map.json	True	20	"{""origin"": ""term_map_alias""}"
alias::dee21e30bc48be07	term::a54e1d5348d65d47	Andariel	安达利尔	query_term_key	mixed	\N	0.99	docs/tier0/bilingual-term-map.json	True	10	"{""origin"": ""term_map_key""}"
alias::3133433a28eba30e	term::a54e1d5348d65d47	Andariel	andariel	canonical_expansion	en	\N	0.95	docs/tier0/bilingual-term-map.json	True	20	"{""origin"": ""term_map_alias""}"
alias::d3834f13b894103e	term::a54e1d5348d65d47	Andariel	act i boss	canonical_expansion	en	\N	0.95	docs/tier0/bilingual-term-map.json	True	20	"{""origin"": ""term_map_alias""}"
alias::3284b1ffcb096857	term::a54e1d5348d65d47	Andariel	catacombs level 4	canonical_expansion	en	\N	0.95	docs/tier0/bilingual-term-map.json	True	20	"{""origin"": ""term_map_alias""}"
alias::9e83c4333ac7a7cd	term::3cca32d288222c58	Nihlathak	尼拉塞克	query_term_key	mixed	\N	0.99	docs/tier0/bilingual-term-map.json	True	10	"{""origin"": ""term_map_key""}"
alias::25cf54aeb669a5c9	term::3cca32d288222c58	Nihlathak	nihlathak	canonical_expansion	en	\N	0.95	docs/tier0/bilingual-term-map.json	True	20	"{""origin"": ""term_map_alias""}"
alias::d2eb8c3f80ded57a	term::3cca32d288222c58	Nihlathak	halls of vaught	canonical_expansion	en	\N	0.95	docs/tier0/bilingual-term-map.json	True	20	"{""origin"": ""term_map_alias""}"
alias::d5885c51c345bf85	term::5dc2b3179376bab7	Baal	巴尔	query_term_key	mixed	\N	0.99	docs/tier0/bilingual-term-map.json	True	10	"{""origin"": ""term_map_key""}"
alias::2589043329c49b44	term::5dc2b3179376bab7	Baal	baal	canonical_expansion	en	\N	0.95	docs/tier0/bilingual-term-map.json	True	20	"{""origin"": ""term_map_alias""}"
alias::0d4905a7b49f33be	term::5dc2b3179376bab7	Baal	act v boss	canonical_expansion	en	\N	0.95	docs/tier0/bilingual-term-map.json	True	20	"{""origin"": ""term_map_alias""}"
alias::a134c827847dd100	term::5dc2b3179376bab7	Baal	throne of destruction	canonical_expansion	en	\N	0.95	docs/tier0/bilingual-term-map.json	True	20	"{""origin"": ""term_map_alias""}"
alias::f19cf5fa5ff40985	term::5dc2b3179376bab7	Baal	worldstone chamber	canonical_expansion	en	\N	0.95	docs/tier0/bilingual-term-map.json	True	20	"{""origin"": ""term_map_alias""}"
alias::1be0cdcaed0f12c8	term::12b1d82c973ee646	Crown of Ages	年纪	query_term_key	mixed	\N	0.99	docs/tier0/bilingual-term-map.json	True	10	"{""origin"": ""term_map_key""}"
alias::0b8867cee7cf1e77	term::12b1d82c973ee646	Crown of Ages	crown of ages	canonical_expansion	en	\N	0.95	docs/tier0/bilingual-term-map.json	True	20	"{""origin"": ""term_map_alias""}"
alias::a6e96f0e7650b2f9	term::06f5a3fb5ff028d9	Bowazon	弓马	query_term_key	mixed	\N	0.99	docs/tier0/bilingual-term-map.json	True	10	"{""origin"": ""term_map_key""}"
alias::3e354a83d47c63b3	term::06f5a3fb5ff028d9	Bowazon	bowazon	canonical_expansion	en	\N	0.95	docs/tier0/bilingual-term-map.json	True	20	"{""origin"": ""term_map_alias""}"
alias::062c174176470142	term::06f5a3fb5ff028d9	Bowazon	bow amazon	canonical_expansion	en	\N	0.95	docs/tier0/bilingual-term-map.json	True	20	"{""origin"": ""term_map_alias""}"
alias::24a85062292fb590	term::c2e371488d487553	Grief	悔恨	query_term_key	mixed	\N	0.99	docs/tier0/bilingual-term-map.json	True	10	"{""origin"": ""term_map_key""}"
alias::1d3b9b18a2552037	term::c2e371488d487553	Grief	grief	canonical_expansion	en	\N	0.95	docs/tier0/bilingual-term-map.json	True	20	"{""origin"": ""term_map_alias""}"
alias::670c75c92959350f	term::c2e371488d487553	Grief	grief runeword	canonical_expansion	en	\N	0.95	docs/tier0/bilingual-term-map.json	True	20	"{""origin"": ""term_map_alias""}"
alias::281011affb703e1f	term::5eb381425a253fd8	Call to Arms	战争召唤	query_term_key	mixed	\N	0.99	docs/tier0/bilingual-term-map.json	True	10	"{""origin"": ""term_map_key""}"
alias::c3a642a427c7788c	term::5eb381425a253fd8	Call to Arms	cta	canonical_expansion	en	\N	0.95	docs/tier0/bilingual-term-map.json	True	20	"{""origin"": ""term_map_alias""}"
alias::21d89b8afecfb2db	term::83acd57c59588127	War Traveler	战旅	query_term_key	mixed	\N	0.99	docs/tier0/bilingual-term-map.json	True	10	"{""origin"": ""term_map_key""}"
alias::27079a9be533daf1	term::83acd57c59588127	War Traveler	war traveler	canonical_expansion	en	\N	0.95	docs/tier0/bilingual-term-map.json	True	20	"{""origin"": ""term_map_alias""}"
alias::d3068fa9a9cf904e	term::b2a4c5250db8f621	Nova Sorceress	新星电法	query_term_key	mixed	\N	0.99	docs/tier0/bilingual-term-map.json	True	10	"{""origin"": ""term_map_key""}"
alias::1744a76b1aa15a93	term::b2a4c5250db8f621	Nova Sorceress	nova sorceress	canonical_expansion	en	\N	0.95	docs/tier0/bilingual-term-map.json	True	20	"{""origin"": ""term_map_alias""}"
alias::4301424a643b3c76	term::b2a4c5250db8f621	Nova Sorceress	nova sorc	canonical_expansion	en	\N	0.95	docs/tier0/bilingual-term-map.json	True	20	"{""origin"": ""term_map_alias""}"
alias::2b43ef7855074c1d	term::0219fd54bd584100	Infinity	无限	query_term_key	mixed	\N	0.99	docs/tier0/bilingual-term-map.json	True	10	"{""origin"": ""term_map_key""}"
alias::ef7ca12a4da606a6	term::0219fd54bd584100	Infinity	infinity	canonical_expansion	en	\N	0.95	docs/tier0/bilingual-term-map.json	True	20	"{""origin"": ""term_map_alias""}"
alias::5fadbae7a9248ec6	term::0219fd54bd584100	Infinity	infinity runeword	canonical_expansion	en	\N	0.95	docs/tier0/bilingual-term-map.json	True	20	"{""origin"": ""term_map_alias""}"
alias::5510ddbaf344bdd4	term::0219fd54bd584100	Infinity	polearm runeword	canonical_expansion	en	\N	0.95	docs/tier0/bilingual-term-map.json	True	20	"{""origin"": ""term_map_alias""}"
alias::17eb992cdc571565	term::0219fd54bd584100	Infinity	level 12 conviction aura	canonical_expansion	en	\N	0.95	docs/tier0/bilingual-term-map.json	True	20	"{""origin"": ""term_map_alias""}"
alias::dbc4a885f771bb74	term::0219fd54bd584100	Infinity	ber mal ber ist	canonical_expansion	en	\N	0.95	docs/tier0/bilingual-term-map.json	True	20	"{""origin"": ""term_map_alias""}"
alias::d54c68f28787177d	term::64a72bcf5ac186c9	Diablo Clone	暗黑克隆	query_term_key	mixed	\N	0.99	docs/tier0/bilingual-term-map.json	True	10	"{""origin"": ""term_map_key""}"
alias::0cdacc1dc5318a60	term::64a72bcf5ac186c9	Diablo Clone	dclone	canonical_expansion	en	\N	0.95	docs/tier0/bilingual-term-map.json	True	20	"{""origin"": ""term_map_alias""}"
alias::1fd7bcde8b73f73f	term::68cc1f0c847edc99	Javazon	标马	query_term_key	mixed	\N	0.99	docs/tier0/bilingual-term-map.json	True	10	"{""origin"": ""term_map_key""}"
alias::8123eef698341c09	term::68cc1f0c847edc99	Javazon	javazon	canonical_expansion	en	\N	0.95	docs/tier0/bilingual-term-map.json	True	20	"{""origin"": ""term_map_alias""}"
alias::681aa7e1ccd51da0	term::68cc1f0c847edc99	Javazon	lightning fury amazon	canonical_expansion	en	\N	0.95	docs/tier0/bilingual-term-map.json	True	20	"{""origin"": ""term_map_alias""}"
alias::a94f884689c61e14	term::68cc1f0c847edc99	Javazon	charged strike amazon	canonical_expansion	en	\N	0.95	docs/tier0/bilingual-term-map.json	True	20	"{""origin"": ""term_map_alias""}"
alias::d4c013b193565497	term::35c6655c3f459a39	Griffon's Eye	格里芬	query_term_key	mixed	\N	0.99	docs/tier0/bilingual-term-map.json	True	10	"{""origin"": ""term_map_key""}"
alias::841036da91409c43	term::35c6655c3f459a39	Griffon's Eye	griffon's eye	canonical_expansion	en	\N	0.95	docs/tier0/bilingual-term-map.json	True	20	"{""origin"": ""term_map_alias""}"
alias::692df6b06670ac3a	term::35c6655c3f459a39	Griffon's Eye	griffons eye	canonical_expansion	en	\N	0.95	docs/tier0/bilingual-term-map.json	True	20	"{""origin"": ""term_map_alias""}"
alias::bda794194f47db80	term::6dbc38a348d23850	Heart of the Oak	橡树之心	query_term_key	mixed	\N	0.99	docs/tier0/bilingual-term-map.json	True	10	"{""origin"": ""term_map_key""}"
alias::e01f740f24b6cfdd	term::6dbc38a348d23850	Heart of the Oak	hoto	canonical_expansion	en	\N	0.95	docs/tier0/bilingual-term-map.json	True	20	"{""origin"": ""term_map_alias""}"
alias::fe6c7dbc2f98d66e	term::49f47c12aa4f1c38	Breath of the Dying	死呼	query_term_key	mixed	\N	0.99	docs/tier0/bilingual-term-map.json	True	10	"{""origin"": ""term_map_key""}"
alias::f49bafe145e45da5	term::49f47c12aa4f1c38	Breath of the Dying	botd	canonical_expansion	en	\N	0.95	docs/tier0/bilingual-term-map.json	True	20	"{""origin"": ""term_map_alias""}"
alias::6ef000dd9d04cd05	term::34e03470c183873b	Annihilus	毁灭	query_term_key	mixed	\N	0.99	docs/tier0/bilingual-term-map.json	True	10	"{""origin"": ""term_map_key""}"
alias::14e06814c6464ae2	term::34e03470c183873b	Annihilus	usc	canonical_expansion	en	\N	0.95	docs/tier0/bilingual-term-map.json	True	20	"{""origin"": ""term_map_alias""}"
alias::14df18df7601fac6	term::34e03470c183873b	Annihilus	diablo clone charm	canonical_expansion	en	\N	0.95	docs/tier0/bilingual-term-map.json	True	20	"{""origin"": ""term_map_alias""}"
alias::965cfd5d152faba1	term::d50522b85d66fd31	Sandstorm Trek	沙暴	query_term_key	mixed	\N	0.99	docs/tier0/bilingual-term-map.json	True	10	"{""origin"": ""term_map_key""}"
alias::bf94a7c39e5fb76b	term::d50522b85d66fd31	Sandstorm Trek	sandstorm trek	canonical_expansion	en	\N	0.95	docs/tier0/bilingual-term-map.json	True	20	"{""origin"": ""term_map_alias""}"
alias::01b9fa3bdb1b193a	term::82fcef05e402aee3	Magefist	法拳	query_term_key	mixed	\N	0.99	docs/tier0/bilingual-term-map.json	True	10	"{""origin"": ""term_map_key""}"
alias::7e57656e27a218de	term::82fcef05e402aee3	Magefist	magefist	canonical_expansion	en	\N	0.95	docs/tier0/bilingual-term-map.json	True	20	"{""origin"": ""term_map_alias""}"
alias::8564d35ba4134538	term::8481bdfa4dfd0092	Titan's Revenge	泰坦	query_term_key	mixed	\N	0.99	docs/tier0/bilingual-term-map.json	True	10	"{""origin"": ""term_map_key""}"
alias::e05f92f685a4d5e8	term::8481bdfa4dfd0092	Titan's Revenge	titan's revenge	canonical_expansion	en	\N	0.95	docs/tier0/bilingual-term-map.json	True	20	"{""origin"": ""term_map_alias""}"
alias::0874c35f45efdd18	term::8481bdfa4dfd0092	Titan's Revenge	titans revenge	canonical_expansion	en	\N	0.95	docs/tier0/bilingual-term-map.json	True	20	"{""origin"": ""term_map_alias""}"
alias::f78f98f187335737	term::89d950b0588eccbb	Hellfire Torch	火炬	query_term_key	mixed	\N	0.99	docs/tier0/bilingual-term-map.json	True	10	"{""origin"": ""term_map_key""}"
alias::d9a97c8ed62e358a	term::89d950b0588eccbb	Hellfire Torch	地狱火炬	canonical_expansion	zh	\N	0.95	docs/tier0/bilingual-term-map.json	True	20	"{""origin"": ""term_map_alias""}"
alias::fd2bef38590d30a7	term::94645d84015f3910	Secret Cow Level	牛场	query_term_key	mixed	\N	0.99	docs/tier0/bilingual-term-map.json	True	10	"{""origin"": ""term_map_key""}"
alias::0d048c1dd6e71e66	term::94645d84015f3910	Secret Cow Level	secret cow level	canonical_expansion	en	\N	0.95	docs/tier0/bilingual-term-map.json	True	20	"{""origin"": ""term_map_alias""}"
alias::e780a7b30236e828	term::94645d84015f3910	Secret Cow Level	cow level	canonical_expansion	en	\N	0.95	docs/tier0/bilingual-term-map.json	True	20	"{""origin"": ""term_map_alias""}"
alias::5d7dc2d1d81a6117	term::94645d84015f3910	Secret Cow Level	cow portal	canonical_expansion	en	\N	0.95	docs/tier0/bilingual-term-map.json	True	20	"{""origin"": ""term_map_alias""}"
alias::3785754e56705eb7	term::94645d84015f3910	Secret Cow Level	hell bovine area	canonical_expansion	en	\N	0.95	docs/tier0/bilingual-term-map.json	True	20	"{""origin"": ""term_map_alias""}"
alias::0221d091abbb659e	term::35c6655c3f459a39	Griffon's Eye	狮鹫	query_term_key	mixed	\N	0.99	docs/tier0/bilingual-term-map.json	True	10	"{""origin"": ""term_map_key""}"
alias::c506fbf9326d203f	term::35c6655c3f459a39	Griffon's Eye	格里芬	canonical_expansion	zh	\N	0.95	docs/tier0/bilingual-term-map.json	True	20	"{""origin"": ""term_map_alias""}"
alias::d90a268e71f05d82	term::cc3ea0e03ffd400b	Fury Druid	狼德	query_term_key	mixed	\N	0.99	docs/tier0/bilingual-term-map.json	True	10	"{""origin"": ""term_map_key""}"
alias::65056e3404b41a4f	term::cc3ea0e03ffd400b	Fury Druid	fury druid	canonical_expansion	en	\N	0.95	docs/tier0/bilingual-term-map.json	True	20	"{""origin"": ""term_map_alias""}"
alias::8d080475b6ee92e3	term::cc3ea0e03ffd400b	Fury Druid	werewolf druid	canonical_expansion	en	\N	0.95	docs/tier0/bilingual-term-map.json	True	20	"{""origin"": ""term_map_alias""}"
alias::1a6f2f40e6c7121a	term::2da074765f491f34	Lightning Sorceress	电法	query_term_key	mixed	\N	0.99	docs/tier0/bilingual-term-map.json	True	10	"{""origin"": ""term_map_key""}"
alias::0ebdf8515fe938c2	term::2da074765f491f34	Lightning Sorceress	lightning sorceress	canonical_expansion	en	\N	0.95	docs/tier0/bilingual-term-map.json	True	20	"{""origin"": ""term_map_alias""}"
alias::f3d4d34a7e609c79	term::2da074765f491f34	Lightning Sorceress	nova sorceress	canonical_expansion	en	\N	0.95	docs/tier0/bilingual-term-map.json	True	20	"{""origin"": ""term_map_alias""}"
alias::fee6cb92d86bcd98	term::2da074765f491f34	Lightning Sorceress	light sorc	canonical_expansion	en	\N	0.95	docs/tier0/bilingual-term-map.json	True	20	"{""origin"": ""term_map_alias""}"
alias::2034b6feaf00ee5f	term::1ed1264f96b2baf0	Insight	眼光	query_term_key	mixed	\N	0.99	docs/tier0/bilingual-term-map.json	True	10	"{""origin"": ""term_map_key""}"
alias::82edf08660d3c631	term::1ed1264f96b2baf0	Insight	insight	canonical_expansion	en	\N	0.95	docs/tier0/bilingual-term-map.json	True	20	"{""origin"": ""term_map_alias""}"
alias::10d29b7425ea159c	term::1ed1264f96b2baf0	Insight	insight runeword	canonical_expansion	en	\N	0.95	docs/tier0/bilingual-term-map.json	True	20	"{""origin"": ""term_map_alias""}"
alias::72cf0f1b332317f2	term::4c9f9753e58418c0	The Oculus	眼球	query_term_key	mixed	\N	0.99	docs/tier0/bilingual-term-map.json	True	10	"{""origin"": ""term_map_key""}"
alias::521f9531bad82385	term::4c9f9753e58418c0	The Oculus	the oculus	canonical_expansion	en	\N	0.95	docs/tier0/bilingual-term-map.json	True	20	"{""origin"": ""term_map_alias""}"
alias::288a745e0d84e07f	term::4c9f9753e58418c0	The Oculus	oculus	canonical_expansion	en	\N	0.95	docs/tier0/bilingual-term-map.json	True	20	"{""origin"": ""term_map_alias""}"
alias::5eb2a299486d2a71	term::c18a8035b3403012	Desert Mercenary	米山	query_term_key	mixed	\N	0.99	docs/tier0/bilingual-term-map.json	True	10	"{""origin"": ""term_map_key""}"
alias::e3118669ef4383e6	term::c18a8035b3403012	Desert Mercenary	desert mercenary	canonical_expansion	en	\N	0.95	docs/tier0/bilingual-term-map.json	True	20	"{""origin"": ""term_map_alias""}"
alias::d2b7c55a4ce14862	term::c18a8035b3403012	Desert Mercenary	act ii mercenary	canonical_expansion	en	\N	0.95	docs/tier0/bilingual-term-map.json	True	20	"{""origin"": ""term_map_alias""}"
alias::8b1710f752a49e02	term::c18a8035b3403012	Desert Mercenary	mercenary	canonical_expansion	en	\N	0.95	docs/tier0/bilingual-term-map.json	True	20	"{""origin"": ""term_map_alias""}"
alias::afae8136c7601d08	term::fe1e1fc9352bf0c5	Spirit	精神盾	query_term_key	mixed	\N	0.99	docs/tier0/bilingual-term-map.json	True	10	"{""origin"": ""term_map_key""}"
alias::4380132a801f29e6	term::fe1e1fc9352bf0c5	Spirit	spirit	canonical_expansion	en	\N	0.95	docs/tier0/bilingual-term-map.json	True	20	"{""origin"": ""term_map_alias""}"
alias::36632a26cd10715d	term::fe1e1fc9352bf0c5	Spirit	spirit shield	canonical_expansion	en	\N	0.95	docs/tier0/bilingual-term-map.json	True	20	"{""origin"": ""term_map_alias""}"
alias::fc1d00e4f7a4f191	term::fe1e1fc9352bf0c5	Spirit	spirit runeword	canonical_expansion	en	\N	0.95	docs/tier0/bilingual-term-map.json	True	20	"{""origin"": ""term_map_alias""}"
alias::be83de4ef020e6a8	term::fe1e1fc9352bf0c5	Spirit	精神符文之语	query_term_key	mixed	\N	0.99	docs/tier0/bilingual-term-map.json	True	10	"{""origin"": ""term_map_key""}"
alias::411053a5aa7ac5c3	term::fe1e1fc9352bf0c5	Spirit	精神	canonical_expansion	zh	\N	0.95	docs/tier0/bilingual-term-map.json	True	20	"{""origin"": ""term_map_alias""}"
alias::e1a8b6cd4dcb4c52	term::cd68a6a1fefc6691	Pindleskin	老P	query_term_key	mixed	\N	0.99	docs/tier0/bilingual-term-map.json	True	10	"{""origin"": ""term_map_key""}"
alias::775f45bb40c8a161	term::cd68a6a1fefc6691	Pindleskin	pindleskin	canonical_expansion	en	\N	0.95	docs/tier0/bilingual-term-map.json	True	20	"{""origin"": ""term_map_alias""}"
alias::97c1e5c6ff1e333f	term::cd68a6a1fefc6691	Pindleskin	red portal farming target	canonical_expansion	en	\N	0.95	docs/tier0/bilingual-term-map.json	True	20	"{""origin"": ""term_map_alias""}"
alias::8e6c4387951e80ae	term::15b4648489e7d40e	Chains of Honor	荣耀之链	query_term_key	mixed	\N	0.99	docs/tier0/bilingual-term-map.json	True	10	"{""origin"": ""term_map_key""}"
alias::757fce4b2fddf12f	term::15b4648489e7d40e	Chains of Honor	coh	canonical_expansion	en	\N	0.95	docs/tier0/bilingual-term-map.json	True	20	"{""origin"": ""term_map_alias""}"
alias::d3691e00bdc04996	term::0af6561d2ec98a1e	Andariel bug / bugged boss kill	虫子	query_term_key	mixed	\N	0.99	docs/tier0/bilingual-term-map.json	True	10	"{""origin"": ""term_map_key""}"
alias::d8a7c9d3931df878	term::0af6561d2ec98a1e	Andariel bug / bugged boss kill	andariel bug	canonical_expansion	en	\N	0.95	docs/tier0/bilingual-term-map.json	True	20	"{""origin"": ""term_map_alias""}"
alias::60a7f98233abe015	term::0af6561d2ec98a1e	Andariel bug / bugged boss kill	bug kill	canonical_expansion	en	\N	0.95	docs/tier0/bilingual-term-map.json	True	20	"{""origin"": ""term_map_alias""}"
alias::86fd7043529b38d9	term::0af6561d2ec98a1e	Andariel bug / bugged boss kill	andariel quest bug	canonical_expansion	en	\N	0.95	docs/tier0/bilingual-term-map.json	True	20	"{""origin"": ""term_map_alias""}"
alias::85db1992ed1252c8	term::0af6561d2ec98a1e	Andariel bug / bugged boss kill	bug虫子	canonical_expansion	zh	\N	0.95	docs/tier0/bilingual-term-map.json	True	20	"{""origin"": ""term_map_alias""}"
alias::4ba9f96ff634594e	term::51bd70b4fa428e2c	Highlord's Wrath	虫链	query_term_key	mixed	\N	0.99	docs/tier0/bilingual-term-map.json	True	10	"{""origin"": ""term_map_key""}"
alias::ce53f650b6728c0b	term::51bd70b4fa428e2c	Highlord's Wrath	highlord's wrath	canonical_expansion	en	\N	0.95	docs/tier0/bilingual-term-map.json	True	20	"{""origin"": ""term_map_alias""}"
alias::bdc3d7f1376ccf50	term::9627b22e993e66c1	Skin of the Vipermagi	蛇皮	query_term_key	mixed	\N	0.99	docs/tier0/bilingual-term-map.json	True	10	"{""origin"": ""term_map_key""}"
alias::5b501779ff04720c	term::9627b22e993e66c1	Skin of the Vipermagi	skin of the vipermagi	canonical_expansion	en	\N	0.95	docs/tier0/bilingual-term-map.json	True	20	"{""origin"": ""term_map_alias""}"
alias::2028a535efcdb016	term::9627b22e993e66c1	Skin of the Vipermagi	vipermagi	canonical_expansion	en	\N	0.95	docs/tier0/bilingual-term-map.json	True	20	"{""origin"": ""term_map_alias""}"
alias::9a6b3a995b81a34e	term::1737436f733e1a4f	Arachnid Mesh	蛛网	query_term_key	mixed	\N	0.99	docs/tier0/bilingual-term-map.json	True	10	"{""origin"": ""term_map_key""}"
alias::37977181f0f8291a	term::1737436f733e1a4f	Arachnid Mesh	arachnid mesh	canonical_expansion	en	\N	0.95	docs/tier0/bilingual-term-map.json	True	20	"{""origin"": ""term_map_alias""}"
alias::215ffe06c200c047	term::c10e88af3792c9f1	Enigma	谜团	query_term_key	mixed	\N	0.99	docs/tier0/bilingual-term-map.json	True	10	"{""origin"": ""term_map_key""}"
alias::057c7c2354e0e741	term::c10e88af3792c9f1	Enigma	enigma	canonical_expansion	en	\N	0.95	docs/tier0/bilingual-term-map.json	True	20	"{""origin"": ""term_map_alias""}"
alias::57931b9b809bed1b	term::c10e88af3792c9f1	Enigma	enigma runeword	canonical_expansion	en	\N	0.95	docs/tier0/bilingual-term-map.json	True	20	"{""origin"": ""term_map_alias""}"
alias::307d135850dcf5d7	term::9596995c8ca5628f	Chaos Sanctuary	超市	query_term_key	mixed	\N	0.99	docs/tier0/bilingual-term-map.json	True	10	"{""origin"": ""term_map_key""}"
alias::3a2a438418949bd8	term::9596995c8ca5628f	Chaos Sanctuary	chaos sanctuary	canonical_expansion	en	\N	0.95	docs/tier0/bilingual-term-map.json	True	20	"{""origin"": ""term_map_alias""}"
alias::94807139487a92e6	term::9596995c8ca5628f	Chaos Sanctuary	river of flame to chaos sanctuary	canonical_expansion	en	\N	0.95	docs/tier0/bilingual-term-map.json	True	20	"{""origin"": ""term_map_alias""}"
alias::0579e11ac783b788	term::9596995c8ca5628f	Chaos Sanctuary	chaos sanctuary boss area	canonical_expansion	en	\N	0.95	docs/tier0/bilingual-term-map.json	True	20	"{""origin"": ""term_map_alias""}"
alias::5a2ac361f9692bc3	term::0b71e1c5e7b8e469	Hammerdin	锤丁	query_term_key	mixed	\N	0.99	docs/tier0/bilingual-term-map.json	True	10	"{""origin"": ""term_map_key""}"
alias::ded953b3646a0a8f	term::0b71e1c5e7b8e469	Hammerdin	hammerdin	canonical_expansion	en	\N	0.95	docs/tier0/bilingual-term-map.json	True	20	"{""origin"": ""term_map_alias""}"
alias::7644f9be56ab8149	term::0b71e1c5e7b8e469	Hammerdin	blessed hammer paladin	canonical_expansion	en	\N	0.95	docs/tier0/bilingual-term-map.json	True	20	"{""origin"": ""term_map_alias""}"
alias::68f75fd8f4c430d9	term::0b71e1c5e7b8e469	Hammerdin	hdin	canonical_expansion	en	\N	0.95	docs/tier0/bilingual-term-map.json	True	20	"{""origin"": ""term_map_alias""}"
alias::918ad43de32f9a1c	term::17ae11aae3852dfe	Trapsin	陷阱刺客	query_term_key	mixed	\N	0.99	docs/tier0/bilingual-term-map.json	True	10	"{""origin"": ""term_map_key""}"
alias::c7f687eee14a5cb7	term::17ae11aae3852dfe	Trapsin	trapsin	canonical_expansion	en	\N	0.95	docs/tier0/bilingual-term-map.json	True	20	"{""origin"": ""term_map_alias""}"
alias::0be6ba963d053532	term::17ae11aae3852dfe	Trapsin	trap assassin	canonical_expansion	en	\N	0.95	docs/tier0/bilingual-term-map.json	True	20	"{""origin"": ""term_map_alias""}"
alias::787539060b7c1e8d	term::dbdd2fe5f52b5e1a	Thundergod's Vigor	雷神	query_term_key	mixed	\N	0.99	docs/tier0/bilingual-term-map.json	True	10	"{""origin"": ""term_map_key""}"
alias::da80a0162e4e79d3	term::dbdd2fe5f52b5e1a	Thundergod's Vigor	thundergod's vigor	canonical_expansion	en	\N	0.95	docs/tier0/bilingual-term-map.json	True	20	"{""origin"": ""term_map_alias""}"
alias::b49f615a8c18c5f7	term::dbdd2fe5f52b5e1a	Thundergod's Vigor	thundergods vigor	canonical_expansion	en	\N	0.95	docs/tier0/bilingual-term-map.json	True	20	"{""origin"": ""term_map_alias""}"
alias::d17a4968846f8384	term::1c14d781fd4fce32	Mara's Kaleidoscope	马拉	query_term_key	mixed	\N	0.99	docs/tier0/bilingual-term-map.json	True	10	"{""origin"": ""term_map_key""}"
alias::5196ff7821d9321b	term::1c14d781fd4fce32	Mara's Kaleidoscope	mara's kaleidoscope	canonical_expansion	en	\N	0.95	docs/tier0/bilingual-term-map.json	True	20	"{""origin"": ""term_map_alias""}"
alias::90b499a5ca3f540a	term::1c14d781fd4fce32	Mara's Kaleidoscope	maras kaleidoscope	canonical_expansion	en	\N	0.95	docs/tier0/bilingual-term-map.json	True	20	"{""origin"": ""term_map_alias""}"
alias::39addb19a22e27b9	term::d10d2f13dab5803d	Marrowwalk	骨髓	query_term_key	mixed	\N	0.99	docs/tier0/bilingual-term-map.json	True	10	"{""origin"": ""term_map_key""}"
alias::772345143fb44b08	term::d10d2f13dab5803d	Marrowwalk	marrowwalk	canonical_expansion	en	\N	0.95	docs/tier0/bilingual-term-map.json	True	20	"{""origin"": ""term_map_alias""}"
alias::bd09e1c7d61362f4	term::b5e06cc181f17e18	Raven Frost	鸦霜	query_term_key	mixed	\N	0.99	docs/tier0/bilingual-term-map.json	True	10	"{""origin"": ""term_map_key""}"
alias::ab605ff81334f690	term::b5e06cc181f17e18	Raven Frost	raven frost	canonical_expansion	en	\N	0.95	docs/tier0/bilingual-term-map.json	True	20	"{""origin"": ""term_map_alias""}"
alias::botd::breath-of-the-dying	term::49f47c12aa4f1c38	Breath of the Dying	BOTD	term_map_key	mixed	\N	0.99	docs/tier0/bilingual-term-map.json	True	50	"{""origin"": ""alias_registry""}"
alias::breath-of-the-dying::1	term::49f47c12aa4f1c38	Breath of the Dying	breath of the dying	alias	en	\N	0.95	docs/tier0/bilingual-term-map.json	True	50	"{""origin"": ""alias_registry""}"
alias::coh::chains-of-honor	term::15b4648489e7d40e	Chains of Honor	COH	term_map_key	mixed	\N	0.99	docs/tier0/bilingual-term-map.json	True	50	"{""origin"": ""alias_registry""}"
alias::chains-of-honor::1	term::15b4648489e7d40e	Chains of Honor	chains of honor	alias	en	\N	0.95	docs/tier0/bilingual-term-map.json	True	50	"{""origin"": ""alias_registry""}"
alias::u-26444fd54464::2	term::15b4648489e7d40e	Chains of Honor	荣耀之链	alias	zh	\N	0.95	docs/tier0/bilingual-term-map.json	True	50	"{""origin"": ""alias_registry""}"
alias::cta::call-to-arms	term::5eb381425a253fd8	Call to Arms	CTA	term_map_key	mixed	\N	0.99	docs/tier0/bilingual-term-map.json	True	50	"{""origin"": ""alias_registry""}"
alias::call-to-arms::1	term::5eb381425a253fd8	Call to Arms	call to arms	alias	en	\N	0.95	docs/tier0/bilingual-term-map.json	True	50	"{""origin"": ""alias_registry""}"
alias::u-9833f8ff246c::2	term::5eb381425a253fd8	Call to Arms	战争召唤	alias	zh	\N	0.95	docs/tier0/bilingual-term-map.json	True	50	"{""origin"": ""alias_registry""}"
alias::dclone::diablo-clone	term::64a72bcf5ac186c9	Diablo Clone	DClone	term_map_key	mixed	\N	0.99	docs/tier0/bilingual-term-map.json	True	50	"{""origin"": ""alias_registry""}"
alias::diablo-clone::1	term::64a72bcf5ac186c9	Diablo Clone	diablo clone	alias	en	\N	0.95	docs/tier0/bilingual-term-map.json	True	50	"{""origin"": ""alias_registry""}"
alias::u-5946e9d656a1::2	term::64a72bcf5ac186c9	Diablo Clone	暗黑克隆	alias	zh	\N	0.95	docs/tier0/bilingual-term-map.json	True	50	"{""origin"": ""alias_registry""}"
alias::annihilus::3	term::64a72bcf5ac186c9	Diablo Clone	annihilus	alias	en	\N	0.95	docs/tier0/bilingual-term-map.json	True	50	"{""origin"": ""alias_registry""}"
alias::hoto::heart-of-the-oak	term::6dbc38a348d23850	Heart of the Oak	HOTO	term_map_key	mixed	\N	0.99	docs/tier0/bilingual-term-map.json	True	50	"{""origin"": ""alias_registry""}"
alias::heart-of-the-oak::1	term::6dbc38a348d23850	Heart of the Oak	heart of the oak	alias	en	\N	0.95	docs/tier0/bilingual-term-map.json	True	50	"{""origin"": ""alias_registry""}"
alias::u-abb6f83d3a3c::2	term::6dbc38a348d23850	Heart of the Oak	橡树之心	alias	zh	\N	0.95	docs/tier0/bilingual-term-map.json	True	50	"{""origin"": ""alias_registry""}"
alias::mf::magic-find	term::e9c96b870c615c26	Magic Find	MF	term_map_key	mixed	\N	0.99	docs/tier0/bilingual-term-map.json	True	50	"{""origin"": ""alias_registry""}"
alias::magic-find::1	term::e9c96b870c615c26	Magic Find	magic find	alias	en	\N	0.95	docs/tier0/bilingual-term-map.json	True	50	"{""origin"": ""alias_registry""}"
alias::u-401bc7a4382d::2	term::e9c96b870c615c26	Magic Find	刷宝	alias	zh	\N	0.95	docs/tier0/bilingual-term-map.json	True	50	"{""origin"": ""alias_registry""}"
alias::soj::stone-of-jordan	term::1c869b316a6bc130	Stone of Jordan	SOJ	term_map_key	mixed	\N	0.99	docs/tier0/bilingual-term-map.json	True	50	"{""origin"": ""alias_registry""}"
alias::stone-of-jordan::1	term::1c869b316a6bc130	Stone of Jordan	stone of jordan	alias	en	\N	0.95	docs/tier0/bilingual-term-map.json	True	50	"{""origin"": ""alias_registry""}"
alias::u-ade1601da17f::2	term::1c869b316a6bc130	Stone of Jordan	乔丹	alias	zh	\N	0.95	docs/tier0/bilingual-term-map.json	True	50	"{""origin"": ""alias_registry""}"
alias::ulc::hellfire-torch	term::89d950b0588eccbb	Hellfire Torch	ULC	term_map_key	mixed	\N	0.99	docs/tier0/bilingual-term-map.json	True	50	"{""origin"": ""alias_registry""}"
alias::hellfire-torch::1	term::89d950b0588eccbb	Hellfire Torch	hellfire torch	alias	en	\N	0.95	docs/tier0/bilingual-term-map.json	True	50	"{""origin"": ""alias_registry""}"
alias::torch::2	term::89d950b0588eccbb	Hellfire Torch	torch	alias	en	\N	0.95	docs/tier0/bilingual-term-map.json	True	50	"{""origin"": ""alias_registry""}"
alias::unique-large-charm::3	term::89d950b0588eccbb	Hellfire Torch	unique large charm	alias	en	\N	0.95	docs/tier0/bilingual-term-map.json	True	50	"{""origin"": ""alias_registry""}"
alias::usc::annihilus	term::34e03470c183873b	Annihilus	USC	term_map_key	mixed	\N	0.99	docs/tier0/bilingual-term-map.json	True	50	"{""origin"": ""alias_registry""}"
alias::annihilus::1	term::34e03470c183873b	Annihilus	annihilus	alias	en	\N	0.95	docs/tier0/bilingual-term-map.json	True	50	"{""origin"": ""alias_registry""}"
alias::u-49e6197ac51a::2	term::34e03470c183873b	Annihilus	毁灭	alias	zh	\N	0.95	docs/tier0/bilingual-term-map.json	True	50	"{""origin"": ""alias_registry""}"
alias::unique-small-charm::3	term::34e03470c183873b	Annihilus	unique small charm	alias	en	\N	0.95	docs/tier0/bilingual-term-map.json	True	50	"{""origin"": ""alias_registry""}"
alias::u-fc925de8b2c9::the-reaper-s-toll	term::547a1ef65faf97a4	The Reaper's Toll	丧钟	term_map_key	mixed	\N	0.99	docs/tier0/bilingual-term-map.json	True	50	"{""origin"": ""alias_registry""}"
alias::the-reaper-s-toll::1	term::547a1ef65faf97a4	The Reaper's Toll	the reaper's toll	alias	en	\N	0.95	docs/tier0/bilingual-term-map.json	True	50	"{""origin"": ""alias_registry""}"
alias::reaper-s-toll::2	term::547a1ef65faf97a4	The Reaper's Toll	reaper's toll	alias	en	\N	0.95	docs/tier0/bilingual-term-map.json	True	50	"{""origin"": ""alias_registry""}"
alias::u-ade1601da17f::stone-of-jordan	term::1c869b316a6bc130	Stone of Jordan	乔丹	term_map_key	mixed	\N	0.99	docs/tier0/bilingual-term-map.json	True	50	"{""origin"": ""alias_registry""}"
alias::the-stone-of-jordan-unique-ring::2	term::1c869b316a6bc130	Stone of Jordan	the stone of jordan unique ring	alias	en	\N	0.95	docs/tier0/bilingual-term-map.json	True	50	"{""origin"": ""alias_registry""}"
alias::soj::3	term::1c869b316a6bc130	Stone of Jordan	soj	alias	en	\N	0.95	docs/tier0/bilingual-term-map.json	True	50	"{""origin"": ""alias_registry""}"
alias::unique-ring-1-to-all-skills::4	term::1c869b316a6bc130	Stone of Jordan	unique ring +1 to all skills	alias	en	\N	0.95	docs/tier0/bilingual-term-map.json	True	50	"{""origin"": ""alias_registry""}"
alias::increase-maximum-mana-25::5	term::1c869b316a6bc130	Stone of Jordan	increase maximum mana 25	alias	en	\N	0.95	docs/tier0/bilingual-term-map.json	True	50	"{""origin"": ""alias_registry""}"
alias::u-6fd1e10ebfd5::monarch	term::d938797b8086b595	Monarch	军团圣盾	term_map_key	mixed	\N	0.99	docs/tier0/bilingual-term-map.json	True	50	"{""origin"": ""alias_registry""}"
alias::monarch::1	term::d938797b8086b595	Monarch	monarch	alias	en	\N	0.95	docs/tier0/bilingual-term-map.json	True	50	"{""origin"": ""alias_registry""}"
alias::monarch-shield::2	term::d938797b8086b595	Monarch	monarch shield	alias	en	\N	0.95	docs/tier0/bilingual-term-map.json	True	50	"{""origin"": ""alias_registry""}"
alias::u-1afd748597bb::harlequin-crest	term::9150e9408c56102b	Harlequin Crest	军帽	term_map_key	mixed	\N	0.99	docs/tier0/bilingual-term-map.json	True	50	"{""origin"": ""alias_registry""}"
alias::harlequin-crest::1	term::9150e9408c56102b	Harlequin Crest	harlequin crest	alias	en	\N	0.95	docs/tier0/bilingual-term-map.json	True	50	"{""origin"": ""alias_registry""}"
alias::shako::2	term::9150e9408c56102b	Harlequin Crest	shako	alias	en	\N	0.95	docs/tier0/bilingual-term-map.json	True	50	"{""origin"": ""alias_registry""}"
alias::u-86c9a359d3b8::3	term::9150e9408c56102b	Harlequin Crest	谐角之冠	alias	zh	\N	0.95	docs/tier0/bilingual-term-map.json	True	50	"{""origin"": ""alias_registry""}"
alias::u-d3ddbfffdd8e::blizzard-sorceress	term::49cf043ba5bd67b8	Blizzard Sorceress	冰法	term_map_key	mixed	\N	0.99	docs/tier0/bilingual-term-map.json	True	50	"{""origin"": ""alias_registry""}"
alias::blizzard-sorceress::1	term::49cf043ba5bd67b8	Blizzard Sorceress	blizzard sorceress	alias	en	\N	0.95	docs/tier0/bilingual-term-map.json	True	50	"{""origin"": ""alias_registry""}"
alias::blizz-sorc::2	term::49cf043ba5bd67b8	Blizzard Sorceress	blizz sorc	alias	en	\N	0.95	docs/tier0/bilingual-term-map.json	True	50	"{""origin"": ""alias_registry""}"
alias::cold-sorceress::3	term::49cf043ba5bd67b8	Blizzard Sorceress	cold sorceress	alias	en	\N	0.95	docs/tier0/bilingual-term-map.json	True	50	"{""origin"": ""alias_registry""}"
alias::u-8b9838f8fae6::fortitude	term::fd78cedee24a4e79	Fortitude	刚毅	term_map_key	mixed	\N	0.99	docs/tier0/bilingual-term-map.json	True	50	"{""origin"": ""alias_registry""}"
alias::fortitude::1	term::fd78cedee24a4e79	Fortitude	fortitude	alias	en	\N	0.95	docs/tier0/bilingual-term-map.json	True	50	"{""origin"": ""alias_registry""}"
alias::fortitude-runeword::2	term::fd78cedee24a4e79	Fortitude	fortitude runeword	alias	en	\N	0.95	docs/tier0/bilingual-term-map.json	True	50	"{""origin"": ""alias_registry""}"
alias::u-401bc7a4382d::magic-find	term::e9c96b870c615c26	Magic Find	刷宝	term_map_key	mixed	\N	0.99	docs/tier0/bilingual-term-map.json	True	50	"{""origin"": ""alias_registry""}"
alias::mf::2	term::e9c96b870c615c26	Magic Find	mf	alias	en	\N	0.95	docs/tier0/bilingual-term-map.json	True	50	"{""origin"": ""alias_registry""}"
alias::u-7ed5a3ff65c5::mephisto	term::24c8f3838dae0816	Mephisto	劳模	term_map_key	mixed	\N	0.99	docs/tier0/bilingual-term-map.json	True	50	"{""origin"": ""alias_registry""}"
alias::mephisto::1	term::24c8f3838dae0816	Mephisto	mephisto	alias	en	\N	0.95	docs/tier0/bilingual-term-map.json	True	50	"{""origin"": ""alias_registry""}"
alias::hell-mephisto::2	term::24c8f3838dae0816	Mephisto	hell mephisto	alias	en	\N	0.95	docs/tier0/bilingual-term-map.json	True	50	"{""origin"": ""alias_registry""}"
alias::act-3-demon-boss::3	term::24c8f3838dae0816	Mephisto	act 3 demon boss	alias	en	\N	0.95	docs/tier0/bilingual-term-map.json	True	50	"{""origin"": ""alias_registry""}"
alias::durance-of-hate-level-3::4	term::24c8f3838dae0816	Mephisto	durance of hate level 3	alias	en	\N	0.95	docs/tier0/bilingual-term-map.json	True	50	"{""origin"": ""alias_registry""}"
alias::u-4792fce44e6d::ancient-tunnels	term::464532eaf5d86ee5	Ancient Tunnels	古代通道	term_map_key	mixed	\N	0.99	docs/tier0/bilingual-term-map.json	True	50	"{""origin"": ""alias_registry""}"
alias::ancient-tunnels::1	term::464532eaf5d86ee5	Ancient Tunnels	ancient tunnels	alias	en	\N	0.95	docs/tier0/bilingual-term-map.json	True	50	"{""origin"": ""alias_registry""}"
alias::ancient-tunnel::2	term::464532eaf5d86ee5	Ancient Tunnels	ancient tunnel	alias	en	\N	0.95	docs/tier0/bilingual-term-map.json	True	50	"{""origin"": ""alias_registry""}"
alias::act-2-area::3	term::464532eaf5d86ee5	Ancient Tunnels	act 2 area	alias	en	\N	0.95	docs/tier0/bilingual-term-map.json	True	50	"{""origin"": ""alias_registry""}"
alias::lost-city-cave::4	term::464532eaf5d86ee5	Ancient Tunnels	lost city cave	alias	en	\N	0.95	docs/tier0/bilingual-term-map.json	True	50	"{""origin"": ""alias_registry""}"
alias::u-573ea077fe26::summon-necromancer	term::1a3f3e0134cb0164	Summon Necromancer	召唤死灵	term_map_key	mixed	\N	0.99	docs/tier0/bilingual-term-map.json	True	50	"{""origin"": ""alias_registry""}"
alias::summon-necromancer::1	term::1a3f3e0134cb0164	Summon Necromancer	summon necromancer	alias	en	\N	0.95	docs/tier0/bilingual-term-map.json	True	50	"{""origin"": ""alias_registry""}"
alias::summoner-necromancer::2	term::1a3f3e0134cb0164	Summon Necromancer	summoner necromancer	alias	en	\N	0.95	docs/tier0/bilingual-term-map.json	True	50	"{""origin"": ""alias_registry""}"
alias::u-5e35ad7fe1a1::guillaume-s-face	term::c9a72ad5ad71d6e8	Guillaume's Face	吉永	term_map_key	mixed	\N	0.99	docs/tier0/bilingual-term-map.json	True	50	"{""origin"": ""alias_registry""}"
alias::guillaume-s-face::1	term::c9a72ad5ad71d6e8	Guillaume's Face	guillaume's face	alias	en	\N	0.95	docs/tier0/bilingual-term-map.json	True	50	"{""origin"": ""alias_registry""}"
alias::guillaumes-face::2	term::c9a72ad5ad71d6e8	Guillaume's Face	guillaumes face	alias	en	\N	0.95	docs/tier0/bilingual-term-map.json	True	50	"{""origin"": ""alias_registry""}"
alias::u-e0b9aae04ede::hellfire-torch	term::89d950b0588eccbb	Hellfire Torch	地狱火炬	term_map_key	mixed	\N	0.99	docs/tier0/bilingual-term-map.json	True	50	"{""origin"": ""alias_registry""}"
alias::u-24cc10fd9ca2::2	term::89d950b0588eccbb	Hellfire Torch	火炬	alias	zh	\N	0.95	docs/tier0/bilingual-term-map.json	True	50	"{""origin"": ""alias_registry""}"
alias::u-a3d76550719f::the-pit	term::0b7cc6f6a1beebfd	The Pit	地穴	term_map_key	mixed	\N	0.99	docs/tier0/bilingual-term-map.json	True	50	"{""origin"": ""alias_registry""}"
alias::the-pit::1	term::0b7cc6f6a1beebfd	The Pit	the pit	alias	en	\N	0.95	docs/tier0/bilingual-term-map.json	True	50	"{""origin"": ""alias_registry""}"
alias::pit-level-1::2	term::0b7cc6f6a1beebfd	The Pit	pit level 1	alias	en	\N	0.95	docs/tier0/bilingual-term-map.json	True	50	"{""origin"": ""alias_registry""}"
alias::pit-level-2::3	term::0b7cc6f6a1beebfd	The Pit	pit level 2	alias	en	\N	0.95	docs/tier0/bilingual-term-map.json	True	50	"{""origin"": ""alias_registry""}"
alias::u-cd52b632f221::gheed-s-fortune	term::c2c7d475421243e7	Gheed's Fortune	基德	term_map_key	mixed	\N	0.99	docs/tier0/bilingual-term-map.json	True	50	"{""origin"": ""alias_registry""}"
alias::gheed-s-fortune::1	term::c2c7d475421243e7	Gheed's Fortune	gheed's fortune	alias	en	\N	0.95	docs/tier0/bilingual-term-map.json	True	50	"{""origin"": ""alias_registry""}"
alias::gheeds-fortune::2	term::c2c7d475421243e7	Gheed's Fortune	gheeds fortune	alias	en	\N	0.95	docs/tier0/bilingual-term-map.json	True	50	"{""origin"": ""alias_registry""}"
alias::u-c3af07a1642c::tal-rasha-s-wrappings	term::e026caf7260d449f	Tal Rasha's Wrappings	塔套	term_map_key	mixed	\N	0.99	docs/tier0/bilingual-term-map.json	True	50	"{""origin"": ""alias_registry""}"
alias::tal-rasha-s-wrappings::1	term::e026caf7260d449f	Tal Rasha's Wrappings	tal rasha's wrappings	alias	en	\N	0.95	docs/tier0/bilingual-term-map.json	True	50	"{""origin"": ""alias_registry""}"
alias::tal-rasha-set::2	term::e026caf7260d449f	Tal Rasha's Wrappings	tal rasha set	alias	en	\N	0.95	docs/tier0/bilingual-term-map.json	True	50	"{""origin"": ""alias_registry""}"
alias::u-7c19f3c90229::diablo	term::94ca8c090cef46ca	Diablo	大菠萝	term_map_key	mixed	\N	0.99	docs/tier0/bilingual-term-map.json	True	50	"{""origin"": ""alias_registry""}"
alias::diablo::1	term::94ca8c090cef46ca	Diablo	diablo	alias	en	\N	0.95	docs/tier0/bilingual-term-map.json	True	50	"{""origin"": ""alias_registry""}"
alias::diablo-boss::2	term::94ca8c090cef46ca	Diablo	diablo boss	alias	en	\N	0.95	docs/tier0/bilingual-term-map.json	True	50	"{""origin"": ""alias_registry""}"
alias::act-4-demon-boss::3	term::94ca8c090cef46ca	Diablo	act 4 demon boss	alias	en	\N	0.95	docs/tier0/bilingual-term-map.json	True	50	"{""origin"": ""alias_registry""}"
alias::lord-of-terror::4	term::94ca8c090cef46ca	Diablo	lord of terror	alias	en	\N	0.95	docs/tier0/bilingual-term-map.json	True	50	"{""origin"": ""alias_registry""}"
alias::chaos-sanctuary-boss::5	term::94ca8c090cef46ca	Diablo	chaos sanctuary boss	alias	en	\N	0.95	docs/tier0/bilingual-term-map.json	True	50	"{""origin"": ""alias_registry""}"
alias::u-f7b597639ad4::the-countess	term::db1de7b78cbbf0dc	The Countess	女伯爵	term_map_key	mixed	\N	0.99	docs/tier0/bilingual-term-map.json	True	50	"{""origin"": ""alias_registry""}"
alias::the-countess::1	term::db1de7b78cbbf0dc	The Countess	the countess	alias	en	\N	0.95	docs/tier0/bilingual-term-map.json	True	50	"{""origin"": ""alias_registry""}"
alias::countess::2	term::db1de7b78cbbf0dc	The Countess	countess	alias	en	\N	0.95	docs/tier0/bilingual-term-map.json	True	50	"{""origin"": ""alias_registry""}"
alias::act-1-demon-superunique::3	term::db1de7b78cbbf0dc	The Countess	act 1 demon superunique	alias	en	\N	0.95	docs/tier0/bilingual-term-map.json	True	50	"{""origin"": ""alias_registry""}"
alias::tower-cellar-level-5::4	term::db1de7b78cbbf0dc	The Countess	tower cellar level 5	alias	en	\N	0.95	docs/tier0/bilingual-term-map.json	True	50	"{""origin"": ""alias_registry""}"
alias::u-8dabf1352dda::bul-kathos-wedding-band	term::707efc732b01de18	Bul-Kathos' Wedding Band	婚戒	term_map_key	mixed	\N	0.99	docs/tier0/bilingual-term-map.json	True	50	"{""origin"": ""alias_registry""}"
alias::bul-kathos-wedding-band::1	term::707efc732b01de18	Bul-Kathos' Wedding Band	bul-kathos' wedding band	alias	en	\N	0.95	docs/tier0/bilingual-term-map.json	True	50	"{""origin"": ""alias_registry""}"
alias::bul-kathos-wedding-band::2	term::707efc732b01de18	Bul-Kathos' Wedding Band	bul kathos wedding band	alias	en	\N	0.95	docs/tier0/bilingual-term-map.json	True	50	"{""origin"": ""alias_registry""}"
alias::u-8039b7128015::andariel-s-visage	term::70460517a1ae6753	Andariel's Visage	安头	term_map_key	mixed	\N	0.99	docs/tier0/bilingual-term-map.json	True	50	"{""origin"": ""alias_registry""}"
alias::andariel-s-visage::1	term::70460517a1ae6753	Andariel's Visage	andariel's visage	alias	en	\N	0.95	docs/tier0/bilingual-term-map.json	True	50	"{""origin"": ""alias_registry""}"
alias::andariels-visage::2	term::70460517a1ae6753	Andariel's Visage	andariels visage	alias	en	\N	0.95	docs/tier0/bilingual-term-map.json	True	50	"{""origin"": ""alias_registry""}"
alias::u-aa936de075ae::andariel	term::a54e1d5348d65d47	Andariel	安达利尔	term_map_key	mixed	\N	0.99	docs/tier0/bilingual-term-map.json	True	50	"{""origin"": ""alias_registry""}"
alias::andariel::1	term::a54e1d5348d65d47	Andariel	andariel	alias	en	\N	0.95	docs/tier0/bilingual-term-map.json	True	50	"{""origin"": ""alias_registry""}"
alias::act-i-boss::2	term::a54e1d5348d65d47	Andariel	act i boss	alias	en	\N	0.95	docs/tier0/bilingual-term-map.json	True	50	"{""origin"": ""alias_registry""}"
alias::catacombs-level-4::3	term::a54e1d5348d65d47	Andariel	catacombs level 4	alias	en	\N	0.95	docs/tier0/bilingual-term-map.json	True	50	"{""origin"": ""alias_registry""}"
alias::u-a0ed08889ff3::nihlathak	term::3cca32d288222c58	Nihlathak	尼拉塞克	term_map_key	mixed	\N	0.99	docs/tier0/bilingual-term-map.json	True	50	"{""origin"": ""alias_registry""}"
alias::nihlathak::1	term::3cca32d288222c58	Nihlathak	nihlathak	alias	en	\N	0.95	docs/tier0/bilingual-term-map.json	True	50	"{""origin"": ""alias_registry""}"
alias::halls-of-vaught::2	term::3cca32d288222c58	Nihlathak	halls of vaught	alias	en	\N	0.95	docs/tier0/bilingual-term-map.json	True	50	"{""origin"": ""alias_registry""}"
alias::u-5c1b62e5c1b5::baal	term::5dc2b3179376bab7	Baal	巴尔	term_map_key	mixed	\N	0.99	docs/tier0/bilingual-term-map.json	True	50	"{""origin"": ""alias_registry""}"
alias::baal::1	term::5dc2b3179376bab7	Baal	baal	alias	en	\N	0.95	docs/tier0/bilingual-term-map.json	True	50	"{""origin"": ""alias_registry""}"
alias::act-v-boss::2	term::5dc2b3179376bab7	Baal	act v boss	alias	en	\N	0.95	docs/tier0/bilingual-term-map.json	True	50	"{""origin"": ""alias_registry""}"
alias::throne-of-destruction::3	term::5dc2b3179376bab7	Baal	throne of destruction	alias	en	\N	0.95	docs/tier0/bilingual-term-map.json	True	50	"{""origin"": ""alias_registry""}"
alias::worldstone-chamber::4	term::5dc2b3179376bab7	Baal	worldstone chamber	alias	en	\N	0.95	docs/tier0/bilingual-term-map.json	True	50	"{""origin"": ""alias_registry""}"
alias::u-ecff21aed7ce::crown-of-ages	term::12b1d82c973ee646	Crown of Ages	年纪	term_map_key	mixed	\N	0.99	docs/tier0/bilingual-term-map.json	True	50	"{""origin"": ""alias_registry""}"
alias::crown-of-ages::1	term::12b1d82c973ee646	Crown of Ages	crown of ages	alias	en	\N	0.95	docs/tier0/bilingual-term-map.json	True	50	"{""origin"": ""alias_registry""}"
alias::u-d6c4bd7c59da::bowazon	term::06f5a3fb5ff028d9	Bowazon	弓马	term_map_key	mixed	\N	0.99	docs/tier0/bilingual-term-map.json	True	50	"{""origin"": ""alias_registry""}"
alias::bowazon::1	term::06f5a3fb5ff028d9	Bowazon	bowazon	alias	en	\N	0.95	docs/tier0/bilingual-term-map.json	True	50	"{""origin"": ""alias_registry""}"
alias::bow-amazon::2	term::06f5a3fb5ff028d9	Bowazon	bow amazon	alias	en	\N	0.95	docs/tier0/bilingual-term-map.json	True	50	"{""origin"": ""alias_registry""}"
alias::u-5b69bfbc237b::grief	term::c2e371488d487553	Grief	悔恨	term_map_key	mixed	\N	0.99	docs/tier0/bilingual-term-map.json	True	50	"{""origin"": ""alias_registry""}"
alias::grief::1	term::c2e371488d487553	Grief	grief	alias	en	\N	0.95	docs/tier0/bilingual-term-map.json	True	50	"{""origin"": ""alias_registry""}"
alias::grief-runeword::2	term::c2e371488d487553	Grief	grief runeword	alias	en	\N	0.95	docs/tier0/bilingual-term-map.json	True	50	"{""origin"": ""alias_registry""}"
alias::u-9833f8ff246c::call-to-arms	term::5eb381425a253fd8	Call to Arms	战争召唤	term_map_key	mixed	\N	0.99	docs/tier0/bilingual-term-map.json	True	50	"{""origin"": ""alias_registry""}"
alias::cta::2	term::5eb381425a253fd8	Call to Arms	cta	alias	en	\N	0.95	docs/tier0/bilingual-term-map.json	True	50	"{""origin"": ""alias_registry""}"
alias::u-8ed1f0091a1e::war-traveler	term::83acd57c59588127	War Traveler	战旅	term_map_key	mixed	\N	0.99	docs/tier0/bilingual-term-map.json	True	50	"{""origin"": ""alias_registry""}"
alias::war-traveler::1	term::83acd57c59588127	War Traveler	war traveler	alias	en	\N	0.95	docs/tier0/bilingual-term-map.json	True	50	"{""origin"": ""alias_registry""}"
alias::u-a26205f654c9::nova-sorceress	term::b2a4c5250db8f621	Nova Sorceress	新星电法	term_map_key	mixed	\N	0.99	docs/tier0/bilingual-term-map.json	True	50	"{""origin"": ""alias_registry""}"
alias::nova-sorceress::1	term::b2a4c5250db8f621	Nova Sorceress	nova sorceress	alias	en	\N	0.95	docs/tier0/bilingual-term-map.json	True	50	"{""origin"": ""alias_registry""}"
alias::nova-sorc::2	term::b2a4c5250db8f621	Nova Sorceress	nova sorc	alias	en	\N	0.95	docs/tier0/bilingual-term-map.json	True	50	"{""origin"": ""alias_registry""}"
alias::u-95739d7b176d::infinity	term::0219fd54bd584100	Infinity	无限	term_map_key	mixed	\N	0.99	docs/tier0/bilingual-term-map.json	True	50	"{""origin"": ""alias_registry""}"
alias::infinity::1	term::0219fd54bd584100	Infinity	infinity	alias	en	\N	0.95	docs/tier0/bilingual-term-map.json	True	50	"{""origin"": ""alias_registry""}"
alias::infinity-runeword::2	term::0219fd54bd584100	Infinity	infinity runeword	alias	en	\N	0.95	docs/tier0/bilingual-term-map.json	True	50	"{""origin"": ""alias_registry""}"
alias::polearm-runeword::3	term::0219fd54bd584100	Infinity	polearm runeword	alias	en	\N	0.95	docs/tier0/bilingual-term-map.json	True	50	"{""origin"": ""alias_registry""}"
alias::level-12-conviction-aura::4	term::0219fd54bd584100	Infinity	level 12 conviction aura	alias	en	\N	0.95	docs/tier0/bilingual-term-map.json	True	50	"{""origin"": ""alias_registry""}"
alias::ber-mal-ber-ist::5	term::0219fd54bd584100	Infinity	ber mal ber ist	alias	en	\N	0.95	docs/tier0/bilingual-term-map.json	True	50	"{""origin"": ""alias_registry""}"
alias::u-5946e9d656a1::diablo-clone	term::64a72bcf5ac186c9	Diablo Clone	暗黑克隆	term_map_key	mixed	\N	0.99	docs/tier0/bilingual-term-map.json	True	50	"{""origin"": ""alias_registry""}"
alias::dclone::2	term::64a72bcf5ac186c9	Diablo Clone	dclone	alias	en	\N	0.95	docs/tier0/bilingual-term-map.json	True	50	"{""origin"": ""alias_registry""}"
alias::u-383f484c6934::javazon	term::68cc1f0c847edc99	Javazon	标马	term_map_key	mixed	\N	0.99	docs/tier0/bilingual-term-map.json	True	50	"{""origin"": ""alias_registry""}"
alias::javazon::1	term::68cc1f0c847edc99	Javazon	javazon	alias	en	\N	0.95	docs/tier0/bilingual-term-map.json	True	50	"{""origin"": ""alias_registry""}"
alias::lightning-fury-amazon::2	term::68cc1f0c847edc99	Javazon	lightning fury amazon	alias	en	\N	0.95	docs/tier0/bilingual-term-map.json	True	50	"{""origin"": ""alias_registry""}"
alias::charged-strike-amazon::3	term::68cc1f0c847edc99	Javazon	charged strike amazon	alias	en	\N	0.95	docs/tier0/bilingual-term-map.json	True	50	"{""origin"": ""alias_registry""}"
alias::u-09e7f99f3c14::griffon-s-eye	term::35c6655c3f459a39	Griffon's Eye	格里芬	term_map_key	mixed	\N	0.99	docs/tier0/bilingual-term-map.json	True	50	"{""origin"": ""alias_registry""}"
alias::griffon-s-eye::1	term::35c6655c3f459a39	Griffon's Eye	griffon's eye	alias	en	\N	0.95	docs/tier0/bilingual-term-map.json	True	50	"{""origin"": ""alias_registry""}"
alias::griffons-eye::2	term::35c6655c3f459a39	Griffon's Eye	griffons eye	alias	en	\N	0.95	docs/tier0/bilingual-term-map.json	True	50	"{""origin"": ""alias_registry""}"
alias::u-abb6f83d3a3c::heart-of-the-oak	term::6dbc38a348d23850	Heart of the Oak	橡树之心	term_map_key	mixed	\N	0.99	docs/tier0/bilingual-term-map.json	True	50	"{""origin"": ""alias_registry""}"
alias::hoto::2	term::6dbc38a348d23850	Heart of the Oak	hoto	alias	en	\N	0.95	docs/tier0/bilingual-term-map.json	True	50	"{""origin"": ""alias_registry""}"
alias::u-f12ec5fcae0e::breath-of-the-dying	term::49f47c12aa4f1c38	Breath of the Dying	死呼	term_map_key	mixed	\N	0.99	docs/tier0/bilingual-term-map.json	True	50	"{""origin"": ""alias_registry""}"
alias::botd::2	term::49f47c12aa4f1c38	Breath of the Dying	botd	alias	en	\N	0.95	docs/tier0/bilingual-term-map.json	True	50	"{""origin"": ""alias_registry""}"
alias::u-49e6197ac51a::annihilus	term::34e03470c183873b	Annihilus	毁灭	term_map_key	mixed	\N	0.99	docs/tier0/bilingual-term-map.json	True	50	"{""origin"": ""alias_registry""}"
alias::usc::2	term::34e03470c183873b	Annihilus	usc	alias	en	\N	0.95	docs/tier0/bilingual-term-map.json	True	50	"{""origin"": ""alias_registry""}"
alias::diablo-clone-charm::4	term::34e03470c183873b	Annihilus	diablo clone charm	alias	en	\N	0.95	docs/tier0/bilingual-term-map.json	True	50	"{""origin"": ""alias_registry""}"
alias::u-364cc271879c::sandstorm-trek	term::d50522b85d66fd31	Sandstorm Trek	沙暴	term_map_key	mixed	\N	0.99	docs/tier0/bilingual-term-map.json	True	50	"{""origin"": ""alias_registry""}"
alias::sandstorm-trek::1	term::d50522b85d66fd31	Sandstorm Trek	sandstorm trek	alias	en	\N	0.95	docs/tier0/bilingual-term-map.json	True	50	"{""origin"": ""alias_registry""}"
alias::u-c1f1cf94d409::magefist	term::82fcef05e402aee3	Magefist	法拳	term_map_key	mixed	\N	0.99	docs/tier0/bilingual-term-map.json	True	50	"{""origin"": ""alias_registry""}"
alias::magefist::1	term::82fcef05e402aee3	Magefist	magefist	alias	en	\N	0.95	docs/tier0/bilingual-term-map.json	True	50	"{""origin"": ""alias_registry""}"
alias::u-eaa96687adf7::titan-s-revenge	term::8481bdfa4dfd0092	Titan's Revenge	泰坦	term_map_key	mixed	\N	0.99	docs/tier0/bilingual-term-map.json	True	50	"{""origin"": ""alias_registry""}"
alias::titan-s-revenge::1	term::8481bdfa4dfd0092	Titan's Revenge	titan's revenge	alias	en	\N	0.95	docs/tier0/bilingual-term-map.json	True	50	"{""origin"": ""alias_registry""}"
alias::titans-revenge::2	term::8481bdfa4dfd0092	Titan's Revenge	titans revenge	alias	en	\N	0.95	docs/tier0/bilingual-term-map.json	True	50	"{""origin"": ""alias_registry""}"
alias::u-24cc10fd9ca2::hellfire-torch	term::89d950b0588eccbb	Hellfire Torch	火炬	term_map_key	mixed	\N	0.99	docs/tier0/bilingual-term-map.json	True	50	"{""origin"": ""alias_registry""}"
alias::u-e0b9aae04ede::2	term::89d950b0588eccbb	Hellfire Torch	地狱火炬	alias	zh	\N	0.95	docs/tier0/bilingual-term-map.json	True	50	"{""origin"": ""alias_registry""}"
alias::u-978c27bd58a0::secret-cow-level	term::94645d84015f3910	Secret Cow Level	牛场	term_map_key	mixed	\N	0.99	docs/tier0/bilingual-term-map.json	True	50	"{""origin"": ""alias_registry""}"
alias::secret-cow-level::1	term::94645d84015f3910	Secret Cow Level	secret cow level	alias	en	\N	0.95	docs/tier0/bilingual-term-map.json	True	50	"{""origin"": ""alias_registry""}"
alias::cow-level::2	term::94645d84015f3910	Secret Cow Level	cow level	alias	en	\N	0.95	docs/tier0/bilingual-term-map.json	True	50	"{""origin"": ""alias_registry""}"
alias::cow-portal::3	term::94645d84015f3910	Secret Cow Level	cow portal	alias	en	\N	0.95	docs/tier0/bilingual-term-map.json	True	50	"{""origin"": ""alias_registry""}"
alias::hell-bovine-area::4	term::94645d84015f3910	Secret Cow Level	hell bovine area	alias	en	\N	0.95	docs/tier0/bilingual-term-map.json	True	50	"{""origin"": ""alias_registry""}"
alias::u-76b3101b81fd::griffon-s-eye	term::35c6655c3f459a39	Griffon's Eye	狮鹫	term_map_key	mixed	\N	0.99	docs/tier0/bilingual-term-map.json	True	50	"{""origin"": ""alias_registry""}"
alias::u-09e7f99f3c14::3	term::35c6655c3f459a39	Griffon's Eye	格里芬	alias	zh	\N	0.95	docs/tier0/bilingual-term-map.json	True	50	"{""origin"": ""alias_registry""}"
alias::u-81f2f4cd9b9b::fury-druid	term::cc3ea0e03ffd400b	Fury Druid	狼德	term_map_key	mixed	\N	0.99	docs/tier0/bilingual-term-map.json	True	50	"{""origin"": ""alias_registry""}"
alias::fury-druid::1	term::cc3ea0e03ffd400b	Fury Druid	fury druid	alias	en	\N	0.95	docs/tier0/bilingual-term-map.json	True	50	"{""origin"": ""alias_registry""}"
alias::werewolf-druid::2	term::cc3ea0e03ffd400b	Fury Druid	werewolf druid	alias	en	\N	0.95	docs/tier0/bilingual-term-map.json	True	50	"{""origin"": ""alias_registry""}"
alias::u-d8d39d5ee9d7::lightning-sorceress	term::2da074765f491f34	Lightning Sorceress	电法	term_map_key	mixed	\N	0.99	docs/tier0/bilingual-term-map.json	True	50	"{""origin"": ""alias_registry""}"
alias::lightning-sorceress::1	term::2da074765f491f34	Lightning Sorceress	lightning sorceress	alias	en	\N	0.95	docs/tier0/bilingual-term-map.json	True	50	"{""origin"": ""alias_registry""}"
alias::nova-sorceress::2	term::2da074765f491f34	Lightning Sorceress	nova sorceress	alias	en	\N	0.95	docs/tier0/bilingual-term-map.json	True	50	"{""origin"": ""alias_registry""}"
alias::light-sorc::3	term::2da074765f491f34	Lightning Sorceress	light sorc	alias	en	\N	0.95	docs/tier0/bilingual-term-map.json	True	50	"{""origin"": ""alias_registry""}"
alias::u-8c66b53d99d5::insight	term::1ed1264f96b2baf0	Insight	眼光	term_map_key	mixed	\N	0.99	docs/tier0/bilingual-term-map.json	True	50	"{""origin"": ""alias_registry""}"
alias::insight::1	term::1ed1264f96b2baf0	Insight	insight	alias	en	\N	0.95	docs/tier0/bilingual-term-map.json	True	50	"{""origin"": ""alias_registry""}"
alias::insight-runeword::2	term::1ed1264f96b2baf0	Insight	insight runeword	alias	en	\N	0.95	docs/tier0/bilingual-term-map.json	True	50	"{""origin"": ""alias_registry""}"
alias::u-b9744d7fa0bd::the-oculus	term::4c9f9753e58418c0	The Oculus	眼球	term_map_key	mixed	\N	0.99	docs/tier0/bilingual-term-map.json	True	50	"{""origin"": ""alias_registry""}"
alias::the-oculus::1	term::4c9f9753e58418c0	The Oculus	the oculus	alias	en	\N	0.95	docs/tier0/bilingual-term-map.json	True	50	"{""origin"": ""alias_registry""}"
alias::oculus::2	term::4c9f9753e58418c0	The Oculus	oculus	alias	en	\N	0.95	docs/tier0/bilingual-term-map.json	True	50	"{""origin"": ""alias_registry""}"
alias::u-ce6769dcbca4::desert-mercenary	term::c18a8035b3403012	Desert Mercenary	米山	term_map_key	mixed	\N	0.99	docs/tier0/bilingual-term-map.json	True	50	"{""origin"": ""alias_registry""}"
alias::desert-mercenary::1	term::c18a8035b3403012	Desert Mercenary	desert mercenary	alias	en	\N	0.95	docs/tier0/bilingual-term-map.json	True	50	"{""origin"": ""alias_registry""}"
alias::act-ii-mercenary::2	term::c18a8035b3403012	Desert Mercenary	act ii mercenary	alias	en	\N	0.95	docs/tier0/bilingual-term-map.json	True	50	"{""origin"": ""alias_registry""}"
alias::mercenary::3	term::c18a8035b3403012	Desert Mercenary	mercenary	alias	en	\N	0.95	docs/tier0/bilingual-term-map.json	True	50	"{""origin"": ""alias_registry""}"
alias::u-a989ab07e201::spirit	term::fe1e1fc9352bf0c5	Spirit	精神盾	term_map_key	mixed	\N	0.99	docs/tier0/bilingual-term-map.json	True	50	"{""origin"": ""alias_registry""}"
alias::spirit::1	term::fe1e1fc9352bf0c5	Spirit	spirit	alias	en	\N	0.95	docs/tier0/bilingual-term-map.json	True	50	"{""origin"": ""alias_registry""}"
alias::spirit-shield::2	term::fe1e1fc9352bf0c5	Spirit	spirit shield	alias	en	\N	0.95	docs/tier0/bilingual-term-map.json	True	50	"{""origin"": ""alias_registry""}"
alias::spirit-runeword::2	term::fe1e1fc9352bf0c5	Spirit	spirit runeword	alias	en	\N	0.95	docs/tier0/bilingual-term-map.json	True	50	"{""origin"": ""alias_registry""}"
alias::u-08a69d909096::spirit	term::fe1e1fc9352bf0c5	Spirit	精神符文之语	term_map_key	mixed	\N	0.99	docs/tier0/bilingual-term-map.json	True	50	"{""origin"": ""alias_registry""}"
alias::u-70ea6ee22925::3	term::fe1e1fc9352bf0c5	Spirit	精神	alias	zh	\N	0.95	docs/tier0/bilingual-term-map.json	True	50	"{""origin"": ""alias_registry""}"
alias::p::pindleskin	term::cd68a6a1fefc6691	Pindleskin	老P	term_map_key	mixed	\N	0.99	docs/tier0/bilingual-term-map.json	True	50	"{""origin"": ""alias_registry""}"
alias::pindleskin::1	term::cd68a6a1fefc6691	Pindleskin	pindleskin	alias	en	\N	0.95	docs/tier0/bilingual-term-map.json	True	50	"{""origin"": ""alias_registry""}"
alias::red-portal-farming-target::2	term::cd68a6a1fefc6691	Pindleskin	red portal farming target	alias	en	\N	0.95	docs/tier0/bilingual-term-map.json	True	50	"{""origin"": ""alias_registry""}"
alias::u-26444fd54464::chains-of-honor	term::15b4648489e7d40e	Chains of Honor	荣耀之链	term_map_key	mixed	\N	0.99	docs/tier0/bilingual-term-map.json	True	50	"{""origin"": ""alias_registry""}"
alias::coh::2	term::15b4648489e7d40e	Chains of Honor	coh	alias	en	\N	0.95	docs/tier0/bilingual-term-map.json	True	50	"{""origin"": ""alias_registry""}"
alias::u-d9868a4ad5d8::andariel-bug-bugged-boss-kill	term::0af6561d2ec98a1e	Andariel bug / bugged boss kill	虫子	term_map_key	mixed	\N	0.99	docs/tier0/bilingual-term-map.json	True	50	"{""origin"": ""alias_registry""}"
alias::andariel-bug::1	term::0af6561d2ec98a1e	Andariel bug / bugged boss kill	andariel bug	alias	en	\N	0.95	docs/tier0/bilingual-term-map.json	True	50	"{""origin"": ""alias_registry""}"
alias::bug-kill::2	term::0af6561d2ec98a1e	Andariel bug / bugged boss kill	bug kill	alias	en	\N	0.95	docs/tier0/bilingual-term-map.json	True	50	"{""origin"": ""alias_registry""}"
alias::andariel-quest-bug::3	term::0af6561d2ec98a1e	Andariel bug / bugged boss kill	andariel quest bug	alias	en	\N	0.95	docs/tier0/bilingual-term-map.json	True	50	"{""origin"": ""alias_registry""}"
alias::bug::4	term::0af6561d2ec98a1e	Andariel bug / bugged boss kill	bug虫子	alias	zh	\N	0.95	docs/tier0/bilingual-term-map.json	True	50	"{""origin"": ""alias_registry""}"
alias::u-9debcca63a3d::highlord-s-wrath	term::51bd70b4fa428e2c	Highlord's Wrath	虫链	term_map_key	mixed	\N	0.99	docs/tier0/bilingual-term-map.json	True	50	"{""origin"": ""alias_registry""}"
alias::highlord-s-wrath::1	term::51bd70b4fa428e2c	Highlord's Wrath	highlord's wrath	alias	en	\N	0.95	docs/tier0/bilingual-term-map.json	True	50	"{""origin"": ""alias_registry""}"
alias::u-134638575226::skin-of-the-vipermagi	term::9627b22e993e66c1	Skin of the Vipermagi	蛇皮	term_map_key	mixed	\N	0.99	docs/tier0/bilingual-term-map.json	True	50	"{""origin"": ""alias_registry""}"
alias::skin-of-the-vipermagi::1	term::9627b22e993e66c1	Skin of the Vipermagi	skin of the vipermagi	alias	en	\N	0.95	docs/tier0/bilingual-term-map.json	True	50	"{""origin"": ""alias_registry""}"
alias::vipermagi::2	term::9627b22e993e66c1	Skin of the Vipermagi	vipermagi	alias	en	\N	0.95	docs/tier0/bilingual-term-map.json	True	50	"{""origin"": ""alias_registry""}"
alias::u-3f3b9c4eb064::arachnid-mesh	term::1737436f733e1a4f	Arachnid Mesh	蛛网	term_map_key	mixed	\N	0.99	docs/tier0/bilingual-term-map.json	True	50	"{""origin"": ""alias_registry""}"
alias::arachnid-mesh::1	term::1737436f733e1a4f	Arachnid Mesh	arachnid mesh	alias	en	\N	0.95	docs/tier0/bilingual-term-map.json	True	50	"{""origin"": ""alias_registry""}"
alias::u-2df4f092e946::enigma	term::c10e88af3792c9f1	Enigma	谜团	term_map_key	mixed	\N	0.99	docs/tier0/bilingual-term-map.json	True	50	"{""origin"": ""alias_registry""}"
alias::enigma::1	term::c10e88af3792c9f1	Enigma	enigma	alias	en	\N	0.95	docs/tier0/bilingual-term-map.json	True	50	"{""origin"": ""alias_registry""}"
alias::enigma-runeword::2	term::c10e88af3792c9f1	Enigma	enigma runeword	alias	en	\N	0.95	docs/tier0/bilingual-term-map.json	True	50	"{""origin"": ""alias_registry""}"
alias::u-2aba41d89bf0::chaos-sanctuary	term::9596995c8ca5628f	Chaos Sanctuary	超市	term_map_key	mixed	\N	0.99	docs/tier0/bilingual-term-map.json	True	50	"{""origin"": ""alias_registry""}"
alias::chaos-sanctuary::1	term::9596995c8ca5628f	Chaos Sanctuary	chaos sanctuary	alias	en	\N	0.95	docs/tier0/bilingual-term-map.json	True	50	"{""origin"": ""alias_registry""}"
alias::river-of-flame-to-chaos-sanctuary::2	term::9596995c8ca5628f	Chaos Sanctuary	river of flame to chaos sanctuary	alias	en	\N	0.95	docs/tier0/bilingual-term-map.json	True	50	"{""origin"": ""alias_registry""}"
alias::chaos-sanctuary-boss-area::3	term::9596995c8ca5628f	Chaos Sanctuary	chaos sanctuary boss area	alias	en	\N	0.95	docs/tier0/bilingual-term-map.json	True	50	"{""origin"": ""alias_registry""}"
alias::u-e219fda8b778::hammerdin	term::0b71e1c5e7b8e469	Hammerdin	锤丁	term_map_key	mixed	\N	0.99	docs/tier0/bilingual-term-map.json	True	50	"{""origin"": ""alias_registry""}"
alias::hammerdin::1	term::0b71e1c5e7b8e469	Hammerdin	hammerdin	alias	en	\N	0.95	docs/tier0/bilingual-term-map.json	True	50	"{""origin"": ""alias_registry""}"
alias::blessed-hammer-paladin::2	term::0b71e1c5e7b8e469	Hammerdin	blessed hammer paladin	alias	en	\N	0.95	docs/tier0/bilingual-term-map.json	True	50	"{""origin"": ""alias_registry""}"
alias::hdin::3	term::0b71e1c5e7b8e469	Hammerdin	hdin	alias	en	\N	0.95	docs/tier0/bilingual-term-map.json	True	50	"{""origin"": ""alias_registry""}"
alias::u-9ed898ebe9c8::trapsin	term::17ae11aae3852dfe	Trapsin	陷阱刺客	term_map_key	mixed	\N	0.99	docs/tier0/bilingual-term-map.json	True	50	"{""origin"": ""alias_registry""}"
alias::trapsin::1	term::17ae11aae3852dfe	Trapsin	trapsin	alias	en	\N	0.95	docs/tier0/bilingual-term-map.json	True	50	"{""origin"": ""alias_registry""}"
alias::trap-assassin::2	term::17ae11aae3852dfe	Trapsin	trap assassin	alias	en	\N	0.95	docs/tier0/bilingual-term-map.json	True	50	"{""origin"": ""alias_registry""}"
alias::u-4988d2335f24::thundergod-s-vigor	term::dbdd2fe5f52b5e1a	Thundergod's Vigor	雷神	term_map_key	mixed	\N	0.99	docs/tier0/bilingual-term-map.json	True	50	"{""origin"": ""alias_registry""}"
alias::thundergod-s-vigor::1	term::dbdd2fe5f52b5e1a	Thundergod's Vigor	thundergod's vigor	alias	en	\N	0.95	docs/tier0/bilingual-term-map.json	True	50	"{""origin"": ""alias_registry""}"
alias::thundergods-vigor::2	term::dbdd2fe5f52b5e1a	Thundergod's Vigor	thundergods vigor	alias	en	\N	0.95	docs/tier0/bilingual-term-map.json	True	50	"{""origin"": ""alias_registry""}"
alias::u-4dbc98638f9d::mara-s-kaleidoscope	term::1c14d781fd4fce32	Mara's Kaleidoscope	马拉	term_map_key	mixed	\N	0.99	docs/tier0/bilingual-term-map.json	True	50	"{""origin"": ""alias_registry""}"
alias::mara-s-kaleidoscope::1	term::1c14d781fd4fce32	Mara's Kaleidoscope	mara's kaleidoscope	alias	en	\N	0.95	docs/tier0/bilingual-term-map.json	True	50	"{""origin"": ""alias_registry""}"
alias::maras-kaleidoscope::2	term::1c14d781fd4fce32	Mara's Kaleidoscope	maras kaleidoscope	alias	en	\N	0.95	docs/tier0/bilingual-term-map.json	True	50	"{""origin"": ""alias_registry""}"
alias::u-e5a79eafa9f0::marrowwalk	term::d10d2f13dab5803d	Marrowwalk	骨髓	term_map_key	mixed	\N	0.99	docs/tier0/bilingual-term-map.json	True	50	"{""origin"": ""alias_registry""}"
alias::marrowwalk::1	term::d10d2f13dab5803d	Marrowwalk	marrowwalk	alias	en	\N	0.95	docs/tier0/bilingual-term-map.json	True	50	"{""origin"": ""alias_registry""}"
alias::u-0b9178972c8c::raven-frost	term::b5e06cc181f17e18	Raven Frost	鸦霜	term_map_key	mixed	\N	0.99	docs/tier0/bilingual-term-map.json	True	50	"{""origin"": ""alias_registry""}"
alias::raven-frost::1	term::b5e06cc181f17e18	Raven Frost	raven frost	alias	en	\N	0.95	docs/tier0/bilingual-term-map.json	True	50	"{""origin"": ""alias_registry""}"
