base::uow	uow	Aegis	塔盾	armor	shie	\N	tow	xow	uow	4	79	59	219	0	145	161	18	28	10	False	blizzhackers/d2data	armor.json	{}
base::pa4	pa4	Aerin Shield	艾文之盾	armor	ashd	\N	pa4	pa9	pae	4	20	15	50	0	26	36	4	10	0	False	blizzhackers/d2data	armor.json	{}
base::pa7	pa7	Akaran Rondache	亞克南輕圓盾	armor	ashd	\N	pa2	pa7	pac	4	40	30	59	0	113	137	15	20	0	False	blizzhackers/d2data	armor.json	{}
base::pa6	pa6	Akaran Targe	亞克南圓盾	armor	ashd	\N	pa1	pa6	pab	4	35	26	44	0	101	125	12	16	0	False	blizzhackers/d2data	armor.json	{}
base::dr6	dr6	Alpha Helm	阿爾發頭盔	armor	pelt	\N	dr1	dr6	drb	3	35	26	44	0	52	62	0	0	0	False	blizzhackers/d2data	armor.json	{}
base::aar	aar	Ancient Armor	古代裝甲	armor	tors	\N	aar	xar	uar	4	40	0	100	0	218	233	0	0	5	False	blizzhackers/d2data	armor.json	{}
base::pad	pad	Ancient Shield	庫拉斯特之盾	armor	ashd	\N	pa3	pa8	pad	4	74	55	124	0	154	172	10	82	0	False	blizzhackers/d2data	armor.json	{}
base::xts	xts	Ancient Shield	古代之盾	armor	shie	\N	gts	xts	uts	3	56	25	110	0	80	93	12	16	5	False	blizzhackers/d2data	armor.json	{}
base::dr3	dr3	Antlers	鹿角	armor	pelt	\N	dr3	dr8	drd	3	16	12	24	0	18	24	0	0	0	False	blizzhackers/d2data	armor.json	{}
base::utp	utp	Archon Plate	執政官鎧甲	armor	tors	\N	ltp	xtp	utp	4	84	63	103	0	410	524	0	0	0	False	blizzhackers/d2data	armor.json	{}
base::ulm	ulm	Armet	活動頭盔	armor	helm	\N	hlm	xlm	ulm	2	68	51	109	0	105	149	0	0	0	False	blizzhackers/d2data	armor.json	{}
base::ba4	ba4	Assault Helmet	突擊盔	armor	phlm	\N	ba4	ba9	bae	3	20	15	55	0	30	35	0	0	0	False	blizzhackers/d2data	armor.json	{}
base::ba5	ba5	Avenger Guard	復仇者之盔	armor	phlm	\N	ba5	baa	baf	3	24	18	65	0	35	50	0	0	0	False	blizzhackers/d2data	armor.json	{}
base::upl	upl	Balrog Skin	炎魔皮板甲	armor	tors	\N	spl	xpl	upl	4	76	57	165	0	410	517	0	0	5	False	blizzhackers/d2data	armor.json	{}
base::xpk	xpk	Barbed Shield	倒刺護盾	armor	shie	\N	spk	xpk	upk	2	42	25	65	0	58	78	18	35	0	False	blizzhackers/d2data	armor.json	{}
base::xhl	xhl	Basinet	輕鋼盔	armor	helm	\N	fhl	xhl	uhl	2	45	25	82	0	75	84	0	0	0	False	blizzhackers/d2data	armor.json	{}
base::ztb	ztb	Battle Belt	戰場腰帶	armor	belt	\N	tbl	ztb	utc	0	49	25	88	0	37	42	0	0	0	False	blizzhackers/d2data	armor.json	{}
base::xtb	xtb	Battle Boots	戰場之靴	armor	boot	\N	tbt	xtb	utb	0	49	25	95	0	39	47	37	64	0	False	blizzhackers/d2data	armor.json	{}
base::xtg	xtg	Battle Gauntlets	戰場手套	armor	glov	\N	tgl	xtg	utg	0	49	25	88	0	39	47	0	0	0	False	blizzhackers/d2data	armor.json	{}
base::mbl	mbl	Belt	扣帶	armor	belt	\N	mbl	zmb	umc	0	12	0	25	0	5	5	0	0	0	False	blizzhackers/d2data	armor.json	{}
base::upk	upk	Blade Barrier	刀刃刺盾	armor	shie	\N	spk	xpk	upk	3	68	51	118	0	147	163	26	40	0	False	blizzhackers/d2data	armor.json	{}
base::wae	wae	Blasphemous Compendium	wae	armor	grim	\N	wa4	wa9	wae	2	81	60	95	0	100	146	0	0	0	False	blizzhackers/d2data	armor.json	{}
base::waf	waf	Blasphemous Grimoire	waf	armor	grim	\N	wa5	waa	waf	2	85	65	106	0	103	148	0	0	0	False	blizzhackers/d2data	armor.json	{}
base::drb	drb	Blood Spirit	血腥之靈	armor	pelt	\N	dr1	dr6	drb	3	62	46	86	0	101	145	0	0	0	False	blizzhackers/d2data	armor.json	{}
base::nef	nef	Bloodlord Skull	血王之骨	armor	head	\N	ne5	nea	nef	2	85	65	106	0	103	148	0	0	0	False	blizzhackers/d2data	armor.json	{}
base::bhm	bhm	Bone Helm	白骨頭盔	armor	helm	\N	bhm	xh9	uh9	2	22	0	25	0	33	36	0	0	0	False	blizzhackers/d2data	armor.json	{}
base::bsh	bsh	Bone Shield	白骨盾牌	armor	shie	\N	bsh	xsh	ush	2	19	0	25	0	10	30	3	6	0	False	blizzhackers/d2data	armor.json	{}
base::uh9	uh9	Bone Visage	骸骨面罩	armor	helm	\N	bhm	xh9	uh9	3	84	63	106	0	100	157	0	0	0	False	blizzhackers/d2data	armor.json	{}
base::uhn	uhn	Boneweave	骸骨鏈甲	armor	tors	\N	chn	xhn	uhn	4	62	47	158	0	399	505	0	0	5	False	blizzhackers/d2data	armor.json	{}
base::umb	umb	Boneweave Boots	骸骨靴	armor	boot	\N	mbt	xmb	umb	0	72	54	118	0	59	67	69	118	0	False	blizzhackers/d2data	armor.json	{}
base::lbt	lbt	Boots	皮靴	armor	boot	\N	lbt	xlb	ulb	0	3	0	0	0	2	3	3	8	0	False	blizzhackers/d2data	armor.json	{}
base::ulg	ulg	Bramble Mitts	荊棘連指手套	armor	glov	\N	lgl	xlg	ulg	0	57	42	50	0	54	62	0	0	0	False	blizzhackers/d2data	armor.json	{}
base::brs	brs	Breast Plate	胸甲	armor	tors	\N	brs	xrs	urs	3	18	0	30	0	65	68	0	0	0	False	blizzhackers/d2data	armor.json	{}
base::buc	buc	Buckler	圓盾	armor	shie	\N	buc	xuc	uuc	1	1	0	12	0	4	6	1	3	0	False	blizzhackers/d2data	armor.json	{}
base::wa6	wa6	Burnt Text	wa6	armor	grim	\N	wa1	wa6	wab	2	33	24	38	0	38	48	0	0	0	False	blizzhackers/d2data	armor.json	{}
base::ne9	ne9	Cantor Trophy	領唱者印記	armor	head	\N	ne4	ne9	nee	2	49	36	50	0	50	64	0	0	0	False	blizzhackers/d2data	armor.json	{}
base::cap	cap	Cap	帽子	armor	helm	\N	cap	xap	uap	2	1	0	0	0	3	5	0	0	0	False	blizzhackers/d2data	armor.json	{}
base::bab	bab	Carnage Helm	屠殺頭盔	armor	phlm	\N	ba1	ba6	bab	3	60	45	106	0	102	147	0	0	0	False	blizzhackers/d2data	armor.json	{}
base::xlm	xlm	Casque	無頰頭盔	armor	helm	\N	hlm	xlm	ulm	2	42	25	59	0	63	72	0	0	0	False	blizzhackers/d2data	armor.json	{}
base::mbt	mbt	Chain Boots	鎖鍊靴	armor	boot	\N	mbt	xmb	umb	0	12	0	30	0	8	9	6	12	0	False	blizzhackers/d2data	armor.json	{}
base::mgl	mgl	Chain Gloves	鎖鍊手套	armor	glov	\N	mgl	xmg	umg	0	12	0	25	0	8	9	0	0	0	False	blizzhackers/d2data	armor.json	{}
base::chn	chn	Chain Mail	鎖子甲	armor	tors	\N	chn	xhn	uhn	2	15	0	48	0	72	75	0	0	5	False	blizzhackers/d2data	armor.json	{}
base::xul	xul	Chaos Armor	混沌戰甲	armor	tors	\N	ful	xul	uul	4	61	25	140	0	315	342	0	0	10	False	blizzhackers/d2data	armor.json	{}
base::ci0	ci0	Circlet	頭飾	armor	circ	\N	ci0	ci2	ci3	2	24	16	0	0	20	30	0	0	0	False	blizzhackers/d2data	armor.json	{}
base::wa3	wa3	Codex	wa3	armor	grim	\N	wa3	wa8	wad	2	16	12	18	0	6	10	0	0	0	False	blizzhackers/d2data	armor.json	{}
base::uhc	uhc	Colossus Girdle	巨神腰帶	armor	belt	\N	hbl	zhb	uhc	0	85	67	185	0	61	71	0	0	0	False	blizzhackers/d2data	armor.json	{}
base::wa4	wa4	Compendium	wa4	armor	grim	\N	wa4	wa9	wae	2	20	15	20	0	10	16	0	0	0	False	blizzhackers/d2data	armor.json	{}
base::bae	bae	Conqueror Crown	征服者皇冠面甲	armor	phlm	\N	ba4	ba9	bae	3	80	60	174	0	114	159	0	0	0	False	blizzhackers/d2data	armor.json	{}
base::urn	urn	Corona	頭冠	armor	helm	\N	crn	xrn	urn	3	85	66	174	0	111	165	0	0	0	False	blizzhackers/d2data	armor.json	{}
base::ci1	ci1	Coronet	寶冠	armor	circ	\N	ci1	ci2	ci3	2	52	39	0	0	30	40	0	0	0	False	blizzhackers/d2data	armor.json	{}
base::crn	crn	Crown	皇冠	armor	helm	\N	crn	xrn	urn	3	29	0	55	0	25	45	0	0	0	False	blizzhackers/d2data	armor.json	{}
base::pa5	pa5	Crown Shield	皇冠之盾	armor	ashd	\N	pa5	paa	paf	4	24	18	65	0	30	40	4	12	0	False	blizzhackers/d2data	armor.json	{}
base::utg	utg	Crusader Gauntlets	十字軍鐵手套	armor	glov	\N	tgl	xtg	utg	0	76	57	151	0	59	68	0	0	0	False	blizzhackers/d2data	armor.json	{}
base::xrs	xrs	Cuirass	護胸甲	armor	tors	\N	brs	xrs	urs	3	47	25	65	0	188	202	0	0	0	False	blizzhackers/d2data	armor.json	{}
base::wa8	wa8	Dark Codex	wa8	armor	grim	\N	wa3	wa8	wad	2	45	33	47	0	44	55	0	0	0	False	blizzhackers/d2data	armor.json	{}
base::wa7	wa7	Dark Tome	wa7	armor	grim	\N	wa2	wa7	wac	2	39	29	41	0	41	52	0	0	0	False	blizzhackers/d2data	armor.json	{}
base::xsk	xsk	Death Mask	死亡面具	armor	helm	\N	msk	xsk	usk	3	48	25	55	0	54	86	0	0	0	False	blizzhackers/d2data	armor.json	{}
base::xuc	xuc	Defender	防禦盾	armor	shie	\N	buc	xuc	uuc	1	34	22	38	0	41	49	8	12	0	False	blizzhackers/d2data	armor.json	{}
base::ne5	ne5	Demon Head	惡魔之首	armor	head	\N	ne5	nea	nef	2	24	18	25	0	15	20	0	0	0	False	blizzhackers/d2data	armor.json	{}
base::usk	usk	Demonhead	惡魔頭蓋骨面具	armor	helm	\N	msk	xsk	usk	3	74	55	102	0	101	154	0	0	0	False	blizzhackers/d2data	armor.json	{}
base::xla	xla	Demonhide Armor	魔皮戰甲	armor	tors	\N	hla	xla	ula	2	37	25	50	0	122	136	0	0	0	False	blizzhackers/d2data	armor.json	{}
base::xlb	xlb	Demonhide Boots	魔皮靴	armor	boot	\N	lbt	xlb	ulb	0	36	24	20	0	28	35	26	46	0	False	blizzhackers/d2data	armor.json	{}
base::xlg	xlg	Demonhide Gloves	魔皮手套	armor	glov	\N	lgl	xlg	ulg	0	33	21	20	0	28	35	0	0	0	False	blizzhackers/d2data	armor.json	{}
base::zlb	zlb	Demonhide Sash	魔皮勳帶	armor	belt	\N	lbl	zlb	ulc	0	36	24	20	0	29	34	0	0	0	False	blizzhackers/d2data	armor.json	{}
base::bad	bad	Destroyer Helm	毀滅者頭盔	armor	phlm	\N	ba3	ba8	bad	3	73	54	151	0	111	156	0	0	0	False	blizzhackers/d2data	armor.json	{}
base::ci3	ci3	Diadem	權冠	armor	circ	\N	ci1	ci2	ci3	3	85	64	0	0	50	60	0	0	0	False	blizzhackers/d2data	armor.json	{}
base::ung	ung	Diamond Mail	鑽石鎖子甲	armor	tors	\N	rng	xng	ung	4	72	54	131	0	383	489	0	0	5	False	blizzhackers/d2data	armor.json	{}
base::xit	xit	Dragon Shield	龍盾	armor	shie	\N	kit	xit	uit	3	45	25	91	0	59	67	15	24	0	False	blizzhackers/d2data	armor.json	{}
base::drf	drf	Dream Spirit	幽夢之靈	armor	pelt	\N	dr5	dra	drf	3	85	66	118	0	109	159	0	0	0	False	blizzhackers/d2data	armor.json	{}
base::uui	uui	Dusk Shroud	灰暮壽衣	armor	tors	\N	qui	xui	uui	4	65	49	77	0	361	467	0	0	0	False	blizzhackers/d2data	armor.json	{}
base::drd	drd	Earth Spirit	大地之靈	armor	pelt	\N	dr3	dr8	drd	3	76	57	104	0	107	152	0	0	0	False	blizzhackers/d2data	armor.json	{}
base::xth	xth	Embossed Plate	凸紋戰甲	armor	tors	\N	gth	xth	uth	4	58	25	125	0	282	303	0	0	5	False	blizzhackers/d2data	armor.json	{}
base::dr4	dr4	Falcon Mask	獵鷹面具	armor	pelt	\N	dr4	dr9	dre	3	20	15	28	0	12	28	0	0	0	False	blizzhackers/d2data	armor.json	{}
base::ba2	ba2	Fanged Helm	尖牙盔	armor	phlm	\N	ba2	ba7	bac	3	8	6	35	0	15	20	0	0	0	False	blizzhackers/d2data	armor.json	{}
base::ne7	ne7	Fetish Trophy	物神印記	armor	head	\N	ne2	ne7	neg	2	39	29	41	0	41	52	0	0	0	False	blizzhackers/d2data	armor.json	{}
base::fld	fld	Field Plate	實戰鎧甲	armor	tors	\N	fld	xld	uld	2	28	0	55	0	101	105	0	0	5	False	blizzhackers/d2data	armor.json	{}
base::wab	wab	Forgotten Volume	wab	armor	grim	\N	wa1	wa6	wab	2	59	44	77	0	95	139	0	0	0	False	blizzhackers/d2data	armor.json	{}
base::fhl	fhl	Full Helm	高級頭盔	armor	helm	\N	fhl	xhl	uhl	2	15	0	41	0	23	26	0	0	0	False	blizzhackers/d2data	armor.json	{}
base::ful	ful	Full Plate Mail	高級戰甲	armor	tors	\N	ful	xul	uul	4	37	0	80	0	150	161	0	0	10	False	blizzhackers/d2data	armor.json	{}
base::bac	bac	Fury Visor	暴怒面甲	armor	phlm	\N	ba2	ba7	bac	3	66	49	129	0	105	150	0	0	0	False	blizzhackers/d2data	armor.json	{}
base::ne4	ne4	Gargoyle Head	石像鬼之首	armor	head	\N	ne4	ne9	nee	2	20	15	20	0	10	16	0	0	0	False	blizzhackers/d2data	armor.json	{}
base::hgl	hgl	Gauntlets	鐵手套	armor	glov	\N	hgl	xhg	uhg	0	27	0	60	0	12	15	0	0	0	False	blizzhackers/d2data	armor.json	{}
base::xui	xui	Ghost Armor	鬼魂戰甲	armor	tors	\N	qui	xui	uui	2	34	22	38	0	102	117	0	0	0	False	blizzhackers/d2data	armor.json	{}
base::uhl	uhl	Giant Conch	巨貝頭盔	armor	helm	\N	fhl	xhl	uhl	2	54	40	142	0	110	154	0	0	0	False	blizzhackers/d2data	armor.json	{}
base::pa9	pa9	Gilded Shield	飾金盾牌	armor	ashd	\N	pa4	pa9	pae	4	51	38	89	0	144	168	20	28	0	False	blizzhackers/d2data	armor.json	{}
base::gth	gth	Gothic Plate	哥德戰甲	armor	tors	\N	gth	xth	uth	4	32	0	70	0	128	135	0	0	5	False	blizzhackers/d2data	armor.json	{}
base::gts	gts	Gothic Shield	哥德盾牌	armor	shie	\N	gts	xts	uts	3	30	0	60	0	30	35	2	6	5	False	blizzhackers/d2data	armor.json	{}
base::xrn	xrn	Grand Crown	巨皇冠	armor	helm	\N	crn	xrn	urn	3	55	25	103	0	78	113	0	0	0	False	blizzhackers/d2data	armor.json	{}
base::urs	urs	Great Hauberk	巨型鱗鎧胸甲	armor	tors	\N	brs	xrs	urs	4	75	56	118	0	395	501	0	0	0	False	blizzhackers/d2data	armor.json	{}
base::ghm	ghm	Great Helm	卓越頭盔	armor	helm	\N	ghm	xhm	uhm	3	23	0	63	0	30	35	0	0	0	False	blizzhackers/d2data	armor.json	{}
base::hbt	hbt	Greaves	護脛	armor	boot	\N	hbt	xhb	uhb	0	27	0	70	0	12	15	10	20	0	False	blizzhackers/d2data	armor.json	{}
base::dr7	dr7	Griffon Headress	獅鷲獸頭帶	armor	pelt	\N	dr2	dr7	drc	3	40	30	50	0	46	68	0	0	0	False	blizzhackers/d2data	armor.json	{}
base::xh9	xh9	Grim Helm	殘酷頭盔	armor	helm	\N	bhm	xh9	uh9	2	50	25	58	0	60	125	0	0	0	False	blizzhackers/d2data	armor.json	{}
base::xsh	xsh	Grim Shield	冷酷之盾	armor	shie	\N	bsh	xsh	ush	2	48	25	58	0	50	150	14	20	0	False	blizzhackers/d2data	armor.json	{}
base::wa5	wa5	Grimoire	wa5	armor	grim	\N	wa5	waa	waf	2	24	18	25	0	15	20	0	0	0	False	blizzhackers/d2data	armor.json	{}
base::baf	baf	Guardian Crown	守護者皇冠面甲	armor	phlm	\N	ba5	baa	baf	3	85	65	196	0	117	168	0	0	0	False	blizzhackers/d2data	armor.json	{}
base::hla	hla	Hard Leather Armor	硬皮甲	armor	tors	\N	hla	xla	ula	2	5	0	20	0	21	24	0	0	0	False	blizzhackers/d2data	armor.json	{}
base::dr2	dr2	Hawk Helm	飛鷹頭盔	armor	pelt	\N	dr2	dr7	drc	3	8	6	20	0	4	15	0	0	0	False	blizzhackers/d2data	armor.json	{}
base::uuc	uuc	Heater	防寒圓盾	armor	shie	\N	buc	xuc	uuc	2	58	43	77	0	95	110	16	30	0	False	blizzhackers/d2data	armor.json	{}
base::tbl	tbl	Heavy Belt	重扣帶	armor	belt	\N	tbl	ztb	utc	0	20	0	45	0	6	6	0	0	0	False	blizzhackers/d2data	armor.json	{}
base::vbt	vbt	Heavy Boots	重靴	armor	boot	\N	vbt	xvb	uvb	0	7	0	18	0	5	6	4	10	0	False	blizzhackers/d2data	armor.json	{}
base::xmg	xmg	Heavy Bracers	重型手鐲	armor	glov	\N	mgl	xmg	umg	0	43	25	58	0	37	44	0	0	0	False	blizzhackers/d2data	armor.json	{}
base::vgl	vgl	Heavy Gloves	重手套	armor	glov	\N	vgl	xvg	uvg	0	7	0	0	0	5	6	0	0	0	False	blizzhackers/d2data	armor.json	{}
base::nea	nea	Heirophant Trophy	祭司印記	armor	head	\N	ne5	nea	nef	2	54	40	58	0	58	70	0	0	0	False	blizzhackers/d2data	armor.json	{}
base::ult	ult	Hellforge Plate	地獄鍛甲	armor	tors	\N	plt	xlt	ult	4	78	59	196	0	421	530	0	0	10	False	blizzhackers/d2data	armor.json	{}
base::neg	neg	Hellspawn Skull	地獄爪牙之骨	armor	head	\N	ne2	ne7	neg	2	67	50	82	0	96	141	0	0	0	False	blizzhackers/d2data	armor.json	{}
base::hlm	hlm	Helm	頭盔	armor	helm	\N	hlm	xlm	ulm	2	11	0	26	0	15	18	0	0	0	False	blizzhackers/d2data	armor.json	{}
base::pa3	pa3	Heraldic Shield	紋章盾	armor	ashd	\N	pa3	pa8	pad	4	16	12	40	0	16	26	3	9	0	False	blizzhackers/d2data	armor.json	{}
base::ba3	ba3	Horned Helm	角盔	armor	phlm	\N	ba3	ba8	bad	3	16	12	45	0	25	30	0	0	0	False	blizzhackers/d2data	armor.json	{}
base::dr8	dr8	Hunter's Guise	獵人的偽裝	armor	pelt	\N	dr3	dr8	drd	3	46	29	56	0	67	81	0	0	0	False	blizzhackers/d2data	armor.json	{}
base::ukp	ukp	Hydraskull	九頭蛇頭蓋骨圓帽	armor	helm	\N	skp	xkp	ukp	2	63	47	84	0	101	145	0	0	0	False	blizzhackers/d2data	armor.json	{}
base::urg	urg	Hyperion	亥伯龍盾	armor	shie	\N	lrg	xrg	urg	3	64	48	127	0	119	135	14	32	5	False	blizzhackers/d2data	armor.json	{}
base::ba1	ba1	Jawbone Cap	顎骨帽	armor	phlm	\N	ba1	ba6	bab	3	4	3	25	0	10	15	0	0	0	False	blizzhackers/d2data	armor.json	{}
base::ba6	ba6	Jawbone Visor	顎骨面甲	armor	phlm	\N	ba1	ba6	bab	3	33	25	58	0	55	68	0	0	0	False	blizzhackers/d2data	armor.json	{}
base::kit	kit	Kite Shield	輕盾	armor	shie	\N	kit	xit	uit	3	15	0	47	0	16	18	2	5	0	False	blizzhackers/d2data	armor.json	{}
base::uld	uld	Kraken Shell	海妖殼甲	armor	tors	\N	fld	xld	uld	4	81	61	174	0	417	523	0	0	5	False	blizzhackers/d2data	armor.json	{}
base::uth	uth	Lacquered Plate	漆甲	armor	tors	\N	gth	xth	uth	4	82	62	208	0	433	541	0	0	5	False	blizzhackers/d2data	armor.json	{}
base::lrg	lrg	Large Shield	大盾牌	armor	shie	\N	lrg	xrg	urg	3	11	0	34	0	12	14	2	4	5	False	blizzhackers/d2data	armor.json	{}
base::lea	lea	Leather Armor	皮甲	armor	tors	\N	lea	xea	uea	2	3	0	15	0	14	17	0	0	0	False	blizzhackers/d2data	armor.json	{}
base::lgl	lgl	Leather Gloves	皮手套	armor	glov	\N	lgl	xlg	ulg	0	3	0	0	0	2	3	0	0	0	False	blizzhackers/d2data	armor.json	{}
base::vbl	vbl	Light Belt	輕扣帶	armor	belt	\N	vbl	zvb	uvc	0	7	0	0	0	3	3	0	0	0	False	blizzhackers/d2data	armor.json	{}
base::tgl	tgl	Light Gauntlets	輕型鐵手套	armor	glov	\N	tgl	xtg	utg	0	20	0	45	0	9	11	0	0	0	False	blizzhackers/d2data	armor.json	{}
base::ltp	ltp	Light Plate	輕型裝甲	armor	tors	\N	ltp	xtp	utp	3	35	0	41	0	90	107	0	0	0	False	blizzhackers/d2data	armor.json	{}
base::tbt	tbt	Light Plated Boots	輕型金屬靴	armor	boot	\N	tbt	xtb	utb	0	20	0	50	0	9	11	8	16	0	False	blizzhackers/d2data	armor.json	{}
base::xng	xng	Linked Mail	連扣戰甲	armor	tors	\N	rng	xng	ung	3	42	25	74	0	158	172	0	0	5	False	blizzhackers/d2data	armor.json	{}
base::ba7	ba7	Lion Helm	獅頭尖盔	armor	phlm	\N	ba2	ba7	bac	3	38	29	73	0	63	75	0	0	0	False	blizzhackers/d2data	armor.json	{}
base::ucl	ucl	Loricated Mail	甲殼鎧鱗甲	armor	tors	\N	scl	xcl	ucl	4	73	55	149	0	390	496	0	0	10	False	blizzhackers/d2data	armor.json	{}
base::uml	uml	Luna	月精靈護盾	armor	shie	\N	sml	xml	uml	2	61	45	100	0	108	123	17	29	0	False	blizzhackers/d2data	armor.json	{}
base::xtp	xtp	Mage Plate	法師鎧甲	armor	tors	\N	ltp	xtp	utp	3	60	25	55	0	225	261	0	0	0	False	blizzhackers/d2data	armor.json	{}
base::msk	msk	Mask	面具	armor	helm	\N	msk	xsk	usk	3	19	0	23	0	9	27	0	0	0	False	blizzhackers/d2data	armor.json	{}
base::xhn	xhn	Mesh Armor	織網戰甲	armor	tors	\N	chn	xhn	uhn	3	45	25	92	0	198	213	0	0	5	False	blizzhackers/d2data	armor.json	{}
base::zmb	zmb	Mesh Belt	織網腰帶	armor	belt	\N	mbl	zmb	umc	0	43	25	58	0	35	40	0	0	0	False	blizzhackers/d2data	armor.json	{}
base::xmb	xmb	Mesh Boots	織網之靴	armor	boot	\N	mbt	xmb	umb	0	43	25	65	0	37	44	23	52	0	False	blizzhackers/d2data	armor.json	{}
base::neb	neb	Minion Skull	隨侍之骨	armor	head	\N	ne1	ne6	neb	2	59	44	77	0	95	139	0	0	0	False	blizzhackers/d2data	armor.json	{}
base::utb	utb	Mirrored Boots	鏡化靴	armor	boot	\N	tbt	xtb	utb	0	81	60	163	0	59	68	50	145	0	False	blizzhackers/d2data	armor.json	{}
base::umc	umc	Mithril Coil	秘銀腰帶	armor	belt	\N	mbl	zmb	umc	0	75	56	106	0	58	65	0	0	0	False	blizzhackers/d2data	armor.json	{}
base::uit	uit	Monarch	統治者大盾	armor	shie	\N	kit	xit	uit	4	72	54	156	0	133	148	12	34	0	False	blizzhackers/d2data	armor.json	{}
base::ne6	ne6	Mummified Trophy	木乃伊印記	armor	head	\N	ne1	ne6	neb	2	33	24	38	0	38	48	0	0	0	False	blizzhackers/d2data	armor.json	{}
base::uhb	uhb	Myrmidon Greaves	極速靴	armor	boot	\N	hbt	xhb	uhb	0	85	65	208	0	62	71	83	149	0	False	blizzhackers/d2data	armor.json	{}
base::wad	wad	Occult Codex	wad	armor	grim	\N	wa3	wa8	wad	2	66	50	91	0	98	142	0	0	0	False	blizzhackers/d2data	armor.json	{}
base::wac	wac	Occult Tome	wac	armor	grim	\N	wa2	wa7	wac	2	67	49	82	0	96	141	0	0	0	False	blizzhackers/d2data	armor.json	{}
base::uhg	uhg	Ogre Gauntlets	食人魔鐵手套	armor	glov	\N	hgl	xhg	uhg	0	85	64	185	0	62	71	0	0	0	False	blizzhackers/d2data	armor.json	{}
base::wa1	wa1	Old Book	wa1	armor	grim	\N	wa1	wa6	wab	2	4	3	12	0	2	5	0	0	0	False	blizzhackers/d2data	armor.json	{}
base::xar	xar	Ornate Armor	華麗戰甲	armor	tors	\N	aar	xar	uar	4	64	25	170	0	417	450	0	0	5	False	blizzhackers/d2data	armor.json	{}
base::ned	ned	Overseer Skull	監視者之骨	armor	head	\N	ne3	ne8	ned	2	66	49	91	0	98	142	0	0	0	False	blizzhackers/d2data	armor.json	{}
base::xow	xow	Pavise	大盾	armor	shie	\N	tow	xow	uow	3	50	25	133	0	68	78	10	17	10	False	blizzhackers/d2data	armor.json	{}
base::plt	plt	Plate Mail	鎧甲	armor	tors	\N	plt	xlt	ult	2	24	0	65	0	108	116	0	0	10	False	blizzhackers/d2data	armor.json	{}
base::hbl	hbl	Plated Belt	金屬扣帶	armor	belt	\N	hbl	zhb	uhc	0	27	0	60	0	8	11	0	0	0	False	blizzhackers/d2data	armor.json	{}
base::wa9	wa9	Possessed Compendium	wa9	armor	grim	\N	wa4	wa9	wae	2	49	36	50	0	50	64	0	0	0	False	blizzhackers/d2data	armor.json	{}
base::waa	waa	Possessed Grimoire	waa	armor	grim	\N	wa5	waa	waf	2	54	40	58	0	58	70	0	0	0	False	blizzhackers/d2data	armor.json	{}
base::ne1	ne1	Preserved Head	防腐之首	armor	head	\N	ne1	ne6	neb	2	4	3	12	0	2	5	0	0	0	False	blizzhackers/d2data	armor.json	{}
base::pa8	pa8	Protector Shield	防護者盾牌	armor	ashd	\N	pa3	pa8	pad	4	46	34	69	0	129	153	18	24	0	False	blizzhackers/d2data	armor.json	{}
base::qui	qui	Quilted Armor	布甲	armor	tors	\N	qui	xui	uui	2	1	0	12	0	8	11	0	0	0	False	blizzhackers/d2data	armor.json	{}
base::ba8	ba8	Rage Mask	狂怒面具刺盔	armor	phlm	\N	ba3	ba8	bad	3	44	29	88	0	78	90	0	0	0	False	blizzhackers/d2data	armor.json	{}
base::rng	rng	Ring Mail	鎖環甲	armor	tors	\N	rng	xng	ung	3	11	0	36	0	45	48	0	0	5	False	blizzhackers/d2data	armor.json	{}
base::pa2	pa2	Rondache	輕圓盾	armor	ashd	\N	pa2	pa7	pac	4	8	6	26	0	10	18	2	8	0	False	blizzhackers/d2data	armor.json	{}
base::xml	xml	Round Shield	圓型盾	armor	shie	\N	sml	xml	uml	2	37	25	53	0	47	55	7	14	0	False	blizzhackers/d2data	armor.json	{}
base::paa	paa	Royal Shield	皇家盾牌	armor	ashd	\N	pa5	paa	paf	4	55	41	114	0	156	181	24	32	0	False	blizzhackers/d2data	armor.json	{}
base::xpl	xpl	Russet Armor	羅瑟戰甲	armor	tors	\N	spl	xpl	upl	3	49	25	97	0	225	243	0	0	5	False	blizzhackers/d2data	armor.json	{}
base::uar	uar	Sacred Armor	神聖盔甲	armor	tors	\N	aar	xar	uar	4	85	66	232	0	487	600	0	0	5	False	blizzhackers/d2data	armor.json	{}
base::dr9	dr9	Sacred Feathers	神聖羽毛頭帶	armor	pelt	\N	dr4	dr9	dre	3	50	32	62	0	58	87	0	0	0	False	blizzhackers/d2data	armor.json	{}
base::pac	pac	Sacred Rondache	神聖輕圓盾	armor	ashd	\N	pa2	pa7	pac	4	70	52	109	0	138	164	35	58	0	False	blizzhackers/d2data	armor.json	{}
base::pab	pab	Sacred Targe	神聖小盾	armor	ashd	\N	pa1	pa6	pab	4	63	47	86	0	126	158	22	70	0	False	blizzhackers/d2data	armor.json	{}
base::xkp	xkp	Sallet	輕便頭盔	armor	helm	\N	skp	xkp	ukp	2	37	25	43	0	52	62	0	0	0	False	blizzhackers/d2data	armor.json	{}
base::lbl	lbl	Sash	飾帶	armor	belt	\N	lbl	zlb	ulc	0	3	0	0	0	2	2	0	0	0	False	blizzhackers/d2data	armor.json	{}
base::ba9	ba9	Savage Helmet	蠻族頭盔	armor	phlm	\N	ba4	ba9	bae	3	49	32	103	0	85	98	0	0	0	False	blizzhackers/d2data	armor.json	{}
base::scl	scl	Scale Mail	鱗甲	armor	tors	\N	scl	xcl	ucl	2	13	0	44	0	57	60	0	0	10	False	blizzhackers/d2data	armor.json	{}
base::ula	ula	Scarab Husk	聖甲蟲殼皮甲	armor	tors	\N	hla	xla	ula	4	68	51	95	0	369	474	0	0	0	False	blizzhackers/d2data	armor.json	{}
base::uvb	uvb	Scarabshell Boots	聖甲蟲殼靴	armor	boot	\N	vbt	xvb	uvb	0	66	49	91	0	56	65	60	110	0	False	blizzhackers/d2data	armor.json	{}
base::xrg	xrg	Scutum	鱗盾	armor	shie	\N	lrg	xrg	urg	3	42	25	71	0	53	61	11	15	5	False	blizzhackers/d2data	armor.json	{}
base::xea	xea	Serpentskin Armor	海蛇皮甲	armor	tors	\N	lea	xea	uea	2	36	24	43	0	111	126	0	0	0	False	blizzhackers/d2data	armor.json	{}
base::ne8	ne8	Sexton Trophy	司事印記	armor	head	\N	ne3	ne8	ned	2	45	33	47	0	44	55	0	0	0	False	blizzhackers/d2data	armor.json	{}
base::uul	uul	Shadow Plate	陰影鎧甲	armor	tors	\N	ful	xul	uul	4	83	64	230	0	446	557	0	0	10	False	blizzhackers/d2data	armor.json	{}
base::uap	uap	Shako	軍帽	armor	helm	\N	cap	xap	uap	2	58	43	50	0	98	141	0	0	0	False	blizzhackers/d2data	armor.json	{}
base::zvb	zvb	Sharkskin Belt	鯊皮腰帶	armor	belt	\N	vbl	zvb	uvc	0	39	25	20	0	31	36	0	0	0	False	blizzhackers/d2data	armor.json	{}
base::xvb	xvb	Sharkskin Boots	鯊皮之靴	armor	boot	\N	vbt	xvb	uvb	0	39	25	47	0	33	39	28	50	0	False	blizzhackers/d2data	armor.json	{}
base::xvg	xvg	Sharkskin Gloves	鯊魚皮套	armor	glov	\N	vgl	xvg	uvg	0	39	25	20	0	33	39	0	0	0	False	blizzhackers/d2data	armor.json	{}
base::xld	xld	Sharktooth Armor	鯊齒戰甲	armor	tors	\N	fld	xld	uld	3	55	25	103	0	242	258	0	0	5	False	blizzhackers/d2data	armor.json	{}
base::skp	skp	Skull Cap	骷髏帽	armor	helm	\N	skp	xkp	ukp	2	5	0	15	0	8	11	0	0	0	False	blizzhackers/d2data	armor.json	{}
base::dre	dre	Sky Spirit	天空之靈	armor	pelt	\N	dr4	dr9	dre	3	83	62	113	0	103	155	0	0	0	False	blizzhackers/d2data	armor.json	{}
base::baa	baa	Slayer Guard	殺手防護面甲	armor	phlm	\N	ba5	baa	baf	3	54	40	118	0	93	120	0	0	0	False	blizzhackers/d2data	armor.json	{}
base::sml	sml	Small Shield	小盾牌	armor	shie	\N	sml	xml	uml	2	5	0	22	0	8	10	2	3	0	False	blizzhackers/d2data	armor.json	{}
base::ulc	ulc	Spiderweb Sash	蛛網腰帶	armor	belt	\N	lbl	zlb	ulc	0	61	46	50	0	55	62	0	0	0	False	blizzhackers/d2data	armor.json	{}
base::spk	spk	Spiked Shield	尖刺盾牌	armor	shie	\N	spk	xpk	upk	2	11	0	30	0	15	25	5	9	0	False	blizzhackers/d2data	armor.json	{}
base::uhm	uhm	Spired Helm	螺旋頭盔	armor	helm	\N	ghm	xhm	uhm	3	79	59	192	0	114	159	0	0	0	False	blizzhackers/d2data	armor.json	{}
base::dr5	dr5	Spirit Mask	靈魂狼頭面具	armor	pelt	\N	dr5	dra	drf	3	24	18	30	0	22	35	0	0	0	False	blizzhackers/d2data	armor.json	{}
base::spl	spl	Splint Mail	板甲	armor	tors	\N	spl	xpl	upl	2	20	0	51	0	90	95	0	0	5	False	blizzhackers/d2data	armor.json	{}
base::stu	stu	Studded Leather	鑲嵌甲	armor	tors	\N	stu	xtu	utu	2	8	0	27	0	32	35	0	0	0	False	blizzhackers/d2data	armor.json	{}
base::nee	nee	Succubus Skull	女妖之骨	armor	head	\N	ne4	ne9	nee	2	81	60	95	0	100	146	0	0	0	False	blizzhackers/d2data	armor.json	{}
base::drc	drc	Sun Spirit	太陽之靈	armor	pelt	\N	dr2	dr7	drc	3	69	51	95	0	98	147	0	0	0	False	blizzhackers/d2data	armor.json	{}
base::pa1	pa1	Targe	小盾	armor	ashd	\N	pa1	pa6	pab	4	4	3	16	0	8	12	2	6	0	False	blizzhackers/d2data	armor.json	{}
base::xlt	xlt	Templar Coat	聖堂武士外袍	armor	tors	\N	plt	xlt	ult	3	52	25	118	0	252	274	0	0	10	False	blizzhackers/d2data	armor.json	{}
base::ci2	ci2	Tiara	三重冠	armor	circ	\N	ci1	ci2	ci3	3	70	52	0	0	40	50	0	0	0	False	blizzhackers/d2data	armor.json	{}
base::xcl	xcl	Tigulated Mail	提格萊特戰甲	armor	tors	\N	scl	xcl	ucl	3	43	25	86	0	176	190	0	0	10	False	blizzhackers/d2data	armor.json	{}
base::wa2	wa2	Tome	wa2	armor	grim	\N	wa2	wa7	wac	2	8	6	14	0	4	8	0	0	0	False	blizzhackers/d2data	armor.json	{}
base::dra	dra	Totemic Mask	圖騰面具狼盔	armor	pelt	\N	dr5	dra	drf	3	55	41	65	0	73	98	0	0	0	False	blizzhackers/d2data	armor.json	{}
base::tow	tow	Tower Shield	塔盾	armor	shie	\N	tow	xow	uow	3	22	0	75	0	22	25	1	5	10	False	blizzhackers/d2data	armor.json	{}
base::xtu	xtu	Trellised Armor	攀繞戰甲	armor	tors	\N	stu	xtu	utu	2	40	25	61	0	138	153	0	0	0	False	blizzhackers/d2data	armor.json	{}
base::utc	utc	Troll Belt	洞穴巨魔腰帶	armor	belt	\N	tbl	ztb	utc	0	82	62	151	0	59	66	0	0	0	False	blizzhackers/d2data	armor.json	{}
base::ush	ush	Troll Nest	洞穴巨魔巢穴骨盾	armor	shie	\N	bsh	xsh	ush	3	76	57	106	0	158	173	24	38	0	False	blizzhackers/d2data	armor.json	{}
base::ne3	ne3	Unraveller Head	揭露者之首	armor	head	\N	ne3	ne8	ned	2	16	12	18	0	6	10	0	0	0	False	blizzhackers/d2data	armor.json	{}
base::umg	umg	Vambraces	吸血鬼手套	armor	glov	\N	mgl	xmg	umg	0	69	51	106	0	59	67	0	0	0	False	blizzhackers/d2data	armor.json	{}
base::uvg	uvg	Vampirebone Gloves	吸血鬼骸骨手套	armor	glov	\N	vgl	xvg	uvg	0	63	47	50	0	56	65	0	0	0	False	blizzhackers/d2data	armor.json	{}
base::uvc	uvc	Vampirefang Belt	吸血鬼燎牙腰帶	armor	belt	\N	vbl	zvb	uvc	0	68	51	50	0	56	63	0	0	0	False	blizzhackers/d2data	armor.json	{}
base::paf	paf	Vortex Shield	旋風盾	armor	ashd	\N	pa5	paa	paf	4	85	66	148	0	182	225	5	87	0	False	blizzhackers/d2data	armor.json	{}
base::zhb	zhb	War Belt	巨戰腰帶	armor	belt	\N	hbl	zhb	uhc	0	54	25	110	0	41	52	0	0	0	False	blizzhackers/d2data	armor.json	{}
base::xhb	xhb	War Boots	巨戰之靴	armor	boot	\N	hbt	xhb	uhb	0	54	25	125	0	43	53	39	80	0	False	blizzhackers/d2data	armor.json	{}
base::xhg	xhg	War Gauntlets	巨戰手套	armor	glov	\N	hgl	xhg	uhg	0	54	25	110	0	43	53	0	0	0	False	blizzhackers/d2data	armor.json	{}
base::xap	xap	War Hat	戰帽	armor	helm	\N	cap	xap	uap	2	34	22	20	0	45	53	0	0	0	False	blizzhackers/d2data	armor.json	{}
base::uts	uts	Ward	保護盾牌	armor	shie	\N	gts	xts	uts	4	84	63	185	0	153	170	11	35	5	False	blizzhackers/d2data	armor.json	{}
base::xhm	xhm	Winged Helm	翼盔	armor	helm	\N	ghm	xhm	uhm	3	51	25	115	0	85	98	0	0	0	False	blizzhackers/d2data	armor.json	{}
base::utu	utu	Wire Fleece	線羊毛皮甲	armor	tors	\N	stu	xtu	utu	4	70	53	111	0	375	481	0	0	0	False	blizzhackers/d2data	armor.json	{}
base::dr1	dr1	Wolf Head	狼頭	armor	pelt	\N	dr1	dr6	drb	3	4	3	16	0	8	11	0	0	0	False	blizzhackers/d2data	armor.json	{}
base::uea	uea	Wyrmhide	古龍皮	armor	tors	\N	lea	xea	uea	4	67	50	84	0	364	470	0	0	0	False	blizzhackers/d2data	armor.json	{}
base::ulb	ulb	Wyrmhide Boots	飛龍皮靴	armor	boot	\N	lbt	xlb	ulb	0	60	45	50	0	54	62	65	100	0	False	blizzhackers/d2data	armor.json	{}
base::pae	pae	Zakarum Shield	撒卡蘭姆盾牌	armor	ashd	\N	pa4	pa9	pae	4	82	61	142	0	169	193	46	46	0	False	blizzhackers/d2data	armor.json	{}
base::ne2	ne2	Zombie Head	僵屍之首	armor	head	\N	ne2	ne7	neg	2	8	6	14	0	4	8	0	0	0	False	blizzhackers/d2data	armor.json	{}
base::9gi	9gi	Ancient Axe	古代之斧	weapon	axe	\N	gix	9gi	7gi	6	51	25	125	\N	\N	\N	\N	\N	10	False	blizzhackers/d2data	weapons.json	{}
base::9wd	9wd	Ancient Sword	古代之劍	weapon	swor	\N	wsd	9wd	7wd	3	49	25	127	88	\N	\N	18	43	\N	False	blizzhackers/d2data	weapons.json	{}
base::8lx	8lx	Arbalest	石弓	weapon	xbow	\N	lxb	8lx	6lx	3	34	22	52	61	\N	\N	\N	\N	-10	False	blizzhackers/d2data	weapons.json	{}
base::6ws	6ws	Archon Staff	執政官之杖	weapon	staf	\N	wst	8ws	6ws	6	85	66	34	\N	\N	\N	\N	\N	10	False	blizzhackers/d2data	weapons.json	{}
base::am6	am6	Ashwood Bow	灰木之弓	weapon	abow	\N	am1	am6	amb	5	39	29	56	77	\N	\N	\N	\N	\N	False	blizzhackers/d2data	weapons.json	{}
base::7sm	7sm	Ataghan	土耳其劍	weapon	swor	\N	scm	9sm	7sm	2	61	45	138	95	\N	\N	26	46	-20	False	blizzhackers/d2data	weapons.json	{}
base::axe	axe	Axe	斧	weapon	axe	\N	axe	9ax	7ax	4	7	0	32	\N	\N	\N	4	11	10	False	blizzhackers/d2data	weapons.json	{}
base::bal	bal	Balanced Axe	平衡斧	weapon	taxe	\N	bal	9b8	7b8	\N	16	0	\N	57	\N	\N	5	10	-10	False	blizzhackers/d2data	weapons.json	{}
base::bkf	bkf	Balanced Knife	平衡小刀	weapon	tkni	\N	bkf	9bk	7bk	\N	13	0	\N	51	\N	\N	1	8	-20	False	blizzhackers/d2data	weapons.json	{}
base::8hx	8hx	Ballista	弩弓	weapon	xbow	\N	hxb	8hx	6hx	6	47	25	110	80	\N	\N	\N	\N	10	False	blizzhackers/d2data	weapons.json	{}
base::7gs	7gs	Balrog Blade	炎魔之刃	weapon	swor	\N	gis	9gs	7gs	4	71	53	185	87	\N	\N	15	75	\N	False	blizzhackers/d2data	weapons.json	{}
base::7s7	7s7	Balrog Spear	炎魔長矛	weapon	jave	\N	ssp	9s9	7s7	\N	71	53	127	95	\N	\N	33	63	10	False	blizzhackers/d2data	weapons.json	{}
base::9sp	9sp	Barbed Club	倒鉤鎚	weapon	club	\N	spc	9sp	7sp	3	32	20	30	\N	\N	\N	13	25	\N	False	blizzhackers/d2data	weapons.json	{}
base::bar	bar	Bardiche	大砍刀	weapon	pole	\N	bar	9b7	7o7	3	5	0	40	\N	\N	\N	\N	\N	10	False	blizzhackers/d2data	weapons.json	{}
base::bsw	bsw	Bastard Sword	巨劍	weapon	swor	\N	bsw	9b9	7b7	4	24	0	62	\N	\N	\N	7	19	10	False	blizzhackers/d2data	weapons.json	{}
base::btx	btx	Battle Axe	戰鬥斧	weapon	axe	\N	btx	9bt	7bt	5	17	0	54	\N	\N	\N	\N	\N	10	False	blizzhackers/d2data	weapons.json	{}
base::7cs	7cs	Battle Cestus	鬥腰刀	weapon	h2h2	\N	ces	9cs	7cs	2	73	54	110	110	\N	\N	36	42	-10	False	blizzhackers/d2data	weapons.json	{}
base::9tk	9tk	Battle Dart	戰鬥飛鏢	weapon	tkni	\N	tkf	9tk	7tk	\N	31	19	25	52	\N	\N	8	16	\N	False	blizzhackers/d2data	weapons.json	{}
base::9wh	9wh	Battle Hammer	戰鬥鐵鎚	weapon	hamm	\N	whm	9wh	7wh	4	48	25	100	\N	\N	\N	35	58	20	False	blizzhackers/d2data	weapons.json	{}
base::9s8	9s8	Battle Scythe	戰鬥鐮刀	weapon	pole	\N	scy	9s8	7s8	5	40	25	82	82	\N	\N	\N	\N	-10	False	blizzhackers/d2data	weapons.json	{}
base::bst	bst	Battle Staff	戰鬥法杖	weapon	staf	\N	bst	8bs	6bs	4	17	0	\N	\N	\N	\N	\N	\N	\N	False	blizzhackers/d2data	weapons.json	{}
base::9bs	9bs	Battle Sword	戰鬥劍	weapon	swor	\N	bsd	9bs	7bs	4	40	25	92	43	\N	\N	16	34	\N	False	blizzhackers/d2data	weapons.json	{}
base::9ba	9ba	Bearded Axe	鉤斧	weapon	axe	\N	bax	9ba	7ba	5	38	25	92	\N	\N	\N	\N	\N	\N	False	blizzhackers/d2data	weapons.json	{}
base::9h9	9h9	Bec-de-Corbin	雙鋒戰戟	weapon	pole	\N	hal	9h9	7h7	6	51	25	133	91	\N	\N	\N	\N	\N	False	blizzhackers/d2data	weapons.json	{}
base::7wa	7wa	Berserker Axe	狂戰士斧	weapon	axe	\N	wax	9wa	7wa	6	85	64	138	59	\N	\N	24	71	\N	False	blizzhackers/d2data	weapons.json	{}
base::9vo	9vo	Bill	比爾長刀	weapon	pole	\N	vou	9vo	7vo	4	37	25	95	\N	\N	\N	\N	\N	\N	False	blizzhackers/d2data	weapons.json	{}
base::bld	bld	Blade	短刀	weapon	knif	\N	bld	9bl	7bl	3	23	0	35	51	\N	\N	4	15	-10	False	blizzhackers/d2data	weapons.json	{}
base::6hb	6hb	Blade Bow	刀鋒弓	weapon	bow	\N	hbw	8hb	6hb	4	60	45	76	119	\N	\N	\N	\N	-10	False	blizzhackers/d2data	weapons.json	{}
base::btl	btl	Blade Talons	刃爪	weapon	h2h	\N	btl	9tw	7tw	3	21	0	50	50	\N	\N	10	14	-20	False	blizzhackers/d2data	weapons.json	{}
base::7dg	7dg	Bone Knife	骸骨小刀	weapon	knif	\N	dgr	9dg	7dg	1	58	43	38	75	\N	\N	23	49	-20	False	blizzhackers/d2data	weapons.json	{}
base::bwn	bwn	Bone Wand	骨杖	weapon	wand	\N	bwn	9bw	7bw	2	18	0	\N	\N	\N	\N	3	7	-20	False	blizzhackers/d2data	weapons.json	{}
base::brn	brn	Brandistock	叉	weapon	spea	\N	brn	9br	7br	5	16	0	40	50	\N	\N	\N	\N	-20	False	blizzhackers/d2data	weapons.json	{}
base::bax	bax	Broad Axe	闊斧	weapon	axe	\N	bax	9ba	7ba	5	12	0	48	\N	\N	\N	\N	\N	\N	False	blizzhackers/d2data	weapons.json	{}
base::bsd	bsd	Broad Sword	闊劍	weapon	swor	\N	bsd	9bs	7bs	4	15	0	48	\N	\N	\N	7	14	\N	False	blizzhackers/d2data	weapons.json	{}
base::9wn	9wn	Burnt Wand	燒焦之杖	weapon	wand	\N	wnd	9wn	7wn	1	31	19	25	\N	\N	\N	8	18	\N	False	blizzhackers/d2data	weapons.json	{}
base::7ws	7ws	Caduceus	神使之杖	weapon	scep	\N	wsp	9ws	7ws	5	85	66	97	70	\N	\N	37	43	-10	False	blizzhackers/d2data	weapons.json	{}
base::8lb	8lb	Cedar Bow	杉木弓	weapon	bow	\N	lbw	8lb	6lb	5	35	23	53	49	\N	\N	\N	\N	\N	False	blizzhackers/d2data	weapons.json	{}
base::8cs	8cs	Cedar Staff	杉木之棍	weapon	staf	\N	cst	8cs	6cs	4	38	25	25	\N	\N	\N	\N	\N	10	False	blizzhackers/d2data	weapons.json	{}
base::am7	am7	Ceremonial Bow	祭典之弓	weapon	abow	\N	am2	am7	amc	5	47	35	73	110	\N	\N	\N	\N	10	False	blizzhackers/d2data	weapons.json	{}
base::ama	ama	Ceremonial Javelin	祭典之鏢槍	weapon	ajav	\N	am5	ama	amf	\N	35	26	25	109	\N	\N	18	35	-10	False	blizzhackers/d2data	weapons.json	{}
base::am9	am9	Ceremonial Pike	祭典之長矛	weapon	aspe	\N	am4	am9	ame	6	51	38	115	98	\N	\N	\N	\N	20	False	blizzhackers/d2data	weapons.json	{}
base::am8	am8	Ceremonial Spear	祭典之矛	weapon	aspe	\N	am3	am8	amd	6	43	32	101	80	\N	\N	\N	\N	\N	False	blizzhackers/d2data	weapons.json	{}
base::ces	ces	Cestus	腰刀	weapon	h2h	\N	ces	9cs	7cs	2	15	0	42	42	\N	\N	7	15	\N	False	blizzhackers/d2data	weapons.json	{}
base::7ga	7ga	Champion Axe	豪傑斧	weapon	axe	\N	gax	9ga	7ga	6	82	61	167	59	\N	\N	\N	\N	-10	False	blizzhackers/d2data	weapons.json	{}
base::7b7	7b7	Champion Sword	冠軍之劍	weapon	swor	\N	bsw	9b9	7b7	4	77	57	163	103	\N	\N	24	54	-10	False	blizzhackers/d2data	weapons.json	{}
base::gpm	gpm	Choking Gas Potion	窒息瓦斯葯劑	weapon	tpot	\N	gpm	\N	\N	\N	20	16	\N	\N	\N	\N	0	1	\N	False	blizzhackers/d2data	weapons.json	{}
base::8rx	8rx	Chu-Ko-Nu	巧工弩	weapon	xbow	\N	rxb	8rx	6rx	5	54	25	80	95	\N	\N	\N	\N	-60	False	blizzhackers/d2data	weapons.json	{}
base::9kr	9kr	Cinquedeas	強波刀	weapon	knif	\N	kri	9kr	7kr	3	42	25	25	88	\N	\N	15	31	-20	False	blizzhackers/d2data	weapons.json	{}
base::ob4	ob4	Clasped Orb	握扣法珠	weapon	orb	\N	ob4	ob9	obe	4	17	13	\N	\N	\N	\N	5	12	\N	False	blizzhackers/d2data	weapons.json	{}
base::clw	clw	Claws	爪	weapon	h2h	\N	clw	9lw	7lw	3	18	0	46	46	\N	\N	8	15	-10	False	blizzhackers/d2data	weapons.json	{}
base::clm	clm	Claymore	雙刃大刀	weapon	swor	\N	clm	9cm	7cm	4	17	0	47	\N	\N	\N	5	12	10	False	blizzhackers/d2data	weapons.json	{}
base::9ax	9ax	Cleaver	切肉斧	weapon	axe	\N	axe	9ax	7ax	4	34	22	68	\N	\N	\N	10	33	10	False	blizzhackers/d2data	weapons.json	{}
base::ob8	ob8	Cloudy Sphere	雲霧之球	weapon	orb	\N	ob3	ob8	obd	4	41	30	\N	\N	\N	\N	11	29	\N	False	blizzhackers/d2data	weapons.json	{}
base::clb	clb	Club	木棒	weapon	club	\N	clb	9cl	7cl	2	1	0	\N	\N	\N	\N	1	6	-10	False	blizzhackers/d2data	weapons.json	{}
base::7fb	7fb	Colossal Sword	巨神之劍	weapon	swor	\N	flb	9fb	7fb	5	80	60	182	95	\N	\N	26	70	10	False	blizzhackers/d2data	weapons.json	{}
base::7gd	7gd	Colossus Blade	巨神之刃	weapon	swor	\N	gsd	9gd	7gd	6	85	63	189	110	\N	\N	25	65	5	False	blizzhackers/d2data	weapons.json	{}
base::6hx	6hx	Colossus Crossbow	巨神十字弓	weapon	xbow	\N	hxb	8hx	6hx	6	75	56	163	77	\N	\N	\N	\N	10	False	blizzhackers/d2data	weapons.json	{}
base::7vo	7vo	Colossus Voulge	巨神之斧	weapon	pole	\N	vou	9vo	7vo	4	64	48	210	55	\N	\N	\N	\N	10	False	blizzhackers/d2data	weapons.json	{}
base::cbw	cbw	Composite Bow	組合弓	weapon	bow	\N	cbw	8cb	6cb	4	12	0	25	35	\N	\N	\N	\N	-10	False	blizzhackers/d2data	weapons.json	{}
base::7bs	7bs	Conquest Sword	征服之劍	weapon	swor	\N	bsd	9bs	7bs	4	78	58	142	112	\N	\N	37	53	\N	False	blizzhackers/d2data	weapons.json	{}
base::mxb	mxb	Crossbow	十字弓	weapon	xbow	\N	mxb	8mx	6mx	4	15	0	40	33	\N	\N	\N	\N	\N	False	blizzhackers/d2data	weapons.json	{}
base::9mp	9mp	Crowbill	喙鉗	weapon	axe	\N	mpi	9mp	7mp	6	43	25	94	70	\N	\N	14	34	-10	False	blizzhackers/d2data	weapons.json	{}
base::6l7	6l7	Crusader Bow	十字軍之弓	weapon	bow	\N	lbb	8l8	6l7	6	77	57	97	121	\N	\N	\N	\N	10	False	blizzhackers/d2data	weapons.json	{}
base::7pa	7pa	Cryptic Axe	神秘之斧	weapon	pole	\N	pax	9pa	7pa	5	79	59	165	103	\N	\N	\N	\N	10	False	blizzhackers/d2data	weapons.json	{}
base::7ls	7ls	Cryptic Sword	神秘之劍	weapon	swor	\N	lsd	9ls	7ls	4	82	61	99	109	\N	\N	5	77	-10	False	blizzhackers/d2data	weapons.json	{}
base::crs	crs	Crystal Sword	水晶劍	weapon	swor	\N	crs	9cr	7cr	6	11	0	43	\N	\N	\N	5	15	\N	False	blizzhackers/d2data	weapons.json	{}
base::ob7	ob7	Crystalline Globe	水晶天球	weapon	orb	\N	ob2	ob7	obc	4	37	27	\N	\N	\N	\N	10	26	-10	False	blizzhackers/d2data	weapons.json	{}
base::9cl	9cl	Cudgel	棍棒	weapon	club	\N	clb	9cl	7cl	2	30	18	25	\N	\N	\N	6	21	-10	False	blizzhackers/d2data	weapons.json	{}
base::9sm	9sm	Cutlass	微彎劍	weapon	swor	\N	scm	9sm	7sm	2	43	25	25	52	\N	\N	8	21	-30	False	blizzhackers/d2data	weapons.json	{}
base::9cm	9cm	Dacian Falx	雙刃鐮	weapon	swor	\N	clm	9cm	7cm	4	42	25	91	20	\N	\N	13	30	10	False	blizzhackers/d2data	weapons.json	{}
base::dgr	dgr	Dagger	匕首	weapon	knif	\N	dgr	9dg	7dg	1	3	0	\N	\N	\N	\N	1	4	-20	False	blizzhackers/d2data	weapons.json	{}
base::7bt	7bt	Decapitator	斬首斧	weapon	axe	\N	btx	9bt	7bt	5	73	54	189	33	\N	\N	\N	\N	10	False	blizzhackers/d2data	weapons.json	{}
base::d33	d33	Decoy Gidbinn	吉得賓誘餌	weapon	knif	\N	d33	\N	\N	\N	0	0	15	20	\N	\N	1	2	-20	False	blizzhackers/d2data	weapons.json	{}
base::6rx	6rx	Demon Crossbow	惡魔十字弓	weapon	xbow	\N	rxb	8rx	6rx	5	84	63	141	98	\N	\N	\N	\N	-60	False	blizzhackers/d2data	weapons.json	{}
base::obd	obd	Demon Heart	惡魔之心	weapon	orb	\N	ob3	ob8	obd	4	75	56	\N	\N	\N	\N	23	55	\N	False	blizzhackers/d2data	weapons.json	{}
base::7mt	7mt	Devil Star	惡魔流星錘	weapon	mace	\N	mst	9mt	7mt	3	70	52	153	44	\N	\N	43	53	10	False	blizzhackers/d2data	weapons.json	{}
base::6s7	6s7	Diamond Bow	鑽石弓	weapon	bow	\N	sbb	8s8	6s7	5	72	54	89	132	\N	\N	\N	\N	\N	False	blizzhackers/d2data	weapons.json	{}
base::9cr	9cr	Dimensional Blade	空間之刃	weapon	swor	\N	crs	9cr	7cr	6	37	25	85	60	\N	\N	13	35	\N	False	blizzhackers/d2data	weapons.json	{}
base::obf	obf	Dimensional Shard	次元碎片	weapon	orb	\N	ob5	oba	obf	4	85	66	\N	\N	\N	\N	30	53	10	False	blizzhackers/d2data	weapons.json	{}
base::dir	dir	Dirk	長匕首	weapon	knif	\N	dir	9di	7di	1	9	0	\N	25	\N	\N	3	9	\N	False	blizzhackers/d2data	weapons.json	{}
base::9ws	9ws	Divine Scepter	神屬權杖	weapon	scep	\N	wsp	9ws	7ws	5	45	25	103	\N	\N	\N	16	38	-10	False	blizzhackers/d2data	weapons.json	{}
base::2ax	2ax	Double Axe	雙刃斧	weapon	axe	\N	2ax	92a	72a	5	13	0	43	\N	\N	\N	5	13	10	False	blizzhackers/d2data	weapons.json	{}
base::8cb	8cb	Double Bow	雙弓	weapon	bow	\N	cbw	8cb	6cb	4	39	25	58	73	\N	\N	\N	\N	-10	False	blizzhackers/d2data	weapons.json	{}
base::ob1	ob1	Eagle Orb	鷹之法珠	weapon	orb	\N	ob1	ob6	obb	4	1	0	\N	\N	\N	\N	2	5	-10	False	blizzhackers/d2data	weapons.json	{}
base::8sb	8sb	Edge Bow	鋒銳之弓	weapon	bow	\N	sbw	8sb	6sb	3	30	18	25	43	\N	\N	\N	\N	5	False	blizzhackers/d2data	weapons.json	{}
base::6cs	6cs	Elder Staff	長老之杖	weapon	staf	\N	cst	8cs	6cs	4	74	55	44	37	\N	\N	\N	\N	\N	False	blizzhackers/d2data	weapons.json	{}
base::obc	obc	Eldritch Orb	怪異之球	weapon	orb	\N	ob2	ob7	obc	4	67	50	\N	\N	\N	\N	18	50	-10	False	blizzhackers/d2data	weapons.json	{}
base::7sb	7sb	Elegant Blade	優雅之劍	weapon	swor	\N	sbr	9sb	7sb	2	63	47	109	122	\N	\N	33	45	-10	False	blizzhackers/d2data	weapons.json	{}
base::92h	92h	Espandon	斬鐵劍	weapon	swor	\N	2hs	92h	72h	3	37	25	73	61	\N	\N	8	26	\N	False	blizzhackers/d2data	weapons.json	{}
base::72a	72a	Ettin Axe	雙頭斧	weapon	axe	\N	2ax	92a	72a	5	70	52	145	45	\N	\N	33	66	10	False	blizzhackers/d2data	weapons.json	{}
base::9gd	9gd	Executioner Sword	死刑之劍	weapon	swor	\N	gsd	9gd	7gd	6	54	25	170	110	\N	\N	24	40	10	False	blizzhackers/d2data	weapons.json	{}
base::opm	opm	Exploding Potion	爆炸葯劑	weapon	tpot	\N	opm	\N	\N	\N	16	12	\N	\N	\N	\N	0	1	\N	False	blizzhackers/d2data	weapons.json	{}
base::7ss	7ss	Falcata	短劍	weapon	swor	\N	ssd	9ss	7ss	2	56	42	150	88	\N	\N	31	59	\N	False	blizzhackers/d2data	weapons.json	{}
base::flc	flc	Falchion	彎形大刀	weapon	swor	\N	flc	9fc	7fc	2	11	0	33	\N	\N	\N	9	17	20	False	blizzhackers/d2data	weapons.json	{}
base::7kr	7kr	Fanged Knife	齒緣小刀	weapon	knif	\N	kri	9kr	7kr	3	83	62	42	86	\N	\N	15	57	-20	False	blizzhackers/d2data	weapons.json	{}
base::9xf	9xf	Fascia	格鬥爪	weapon	h2h	\N	axf	9xf	7xf	2	36	27	69	69	\N	\N	8	37	10	False	blizzhackers/d2data	weapons.json	{}
base::7la	7la	Feral Axe	猛禽斧	weapon	axe	\N	lax	9la	7la	4	57	42	196	\N	\N	\N	\N	\N	-15	False	blizzhackers/d2data	weapons.json	{}
base::7lw	7lw	Feral Claws	猛禽爪	weapon	h2h2	\N	clw	9lw	7lw	3	78	58	113	113	\N	\N	22	53	-20	False	blizzhackers/d2data	weapons.json	{}
base::fla	fla	Flail	連枷	weapon	mace	\N	fla	9fl	7fl	5	19	0	41	35	\N	\N	1	24	-10	False	blizzhackers/d2data	weapons.json	{}
base::flb	flb	Flamberge	雙手飾劍	weapon	swor	\N	flb	9fb	7fb	5	27	0	70	49	\N	\N	9	15	-10	False	blizzhackers/d2data	weapons.json	{}
base::9ma	9ma	Flanged Mace	凸緣釘頭錘	weapon	mace	\N	mac	9ma	7ma	2	35	23	61	\N	\N	\N	15	23	\N	False	blizzhackers/d2data	weapons.json	{}
base::7ta	7ta	Flying Axe	飛斧	weapon	taxe	\N	tax	9ta	7ta	\N	56	42	88	108	\N	\N	17	65	10	False	blizzhackers/d2data	weapons.json	{}
base::7tk	7tk	Flying Knife	飛刀	weapon	tkni	\N	tkf	9tk	7tk	\N	64	48	48	141	\N	\N	23	54	\N	False	blizzhackers/d2data	weapons.json	{}
base::9ta	9ta	Francisca	法蘭飛斧	weapon	taxe	\N	tax	9ta	7ta	\N	34	22	25	80	\N	\N	11	22	10	False	blizzhackers/d2data	weapons.json	{}
base::opl	opl	Fulminating Potion	猛爆性葯劑	weapon	tpot	\N	opl	\N	\N	\N	4	0	\N	\N	\N	\N	0	1	\N	False	blizzhackers/d2data	weapons.json	{}
base::9tr	9tr	Fuscina	魔鬼之叉	weapon	spea	\N	tri	9tr	7tr	4	36	24	77	25	\N	\N	\N	\N	\N	False	blizzhackers/d2data	weapons.json	{}
base::7gl	7gl	Ghost Glaive	鬼魂尖槍	weapon	jave	\N	glv	9gl	7gl	\N	79	59	89	137	\N	\N	19	60	20	False	blizzhackers/d2data	weapons.json	{}
base::7st	7st	Ghost Spear	鬼魂之矛	weapon	spea	\N	spt	9st	7st	6	83	62	122	163	\N	\N	\N	\N	\N	False	blizzhackers/d2data	weapons.json	{}
base::7yw	7yw	Ghost Wand	鬼魂法杖	weapon	wand	\N	ywn	9yw	7yw	2	65	48	25	\N	\N	\N	20	40	10	False	blizzhackers/d2data	weapons.json	{}
base::gix	gix	Giant Axe	大斧	weapon	axe	\N	gix	9gi	7gi	6	27	0	70	\N	\N	\N	\N	\N	10	False	blizzhackers/d2data	weapons.json	{}
base::gis	gis	Giant Sword	大劍	weapon	swor	\N	gis	9gs	7gs	4	21	0	56	34	\N	\N	3	16	\N	False	blizzhackers/d2data	weapons.json	{}
base::7wc	7wc	Giant Thresher	鮫尾巨斧	weapon	pole	\N	wsc	9wc	7wc	6	85	66	188	140	\N	\N	\N	\N	-10	False	blizzhackers/d2data	weapons.json	{}
base::9ss	9ss	Gladius	羅馬短劍	weapon	swor	\N	ssd	9ss	7ss	2	30	18	25	\N	\N	\N	8	22	\N	False	blizzhackers/d2data	weapons.json	{}
base::glv	glv	Glaive	大長刀	weapon	jave	\N	glv	9gl	7gl	\N	23	0	52	35	\N	\N	5	17	20	False	blizzhackers/d2data	weapons.json	{}
base::7gi	7gi	Glorious Axe	榮光之斧	weapon	axe	\N	gix	9gi	7gi	6	85	66	164	55	\N	\N	\N	\N	10	False	blizzhackers/d2data	weapons.json	{}
base::ob6	ob6	Glowing Orb	靈光法珠	weapon	orb	\N	ob1	ob6	obb	4	32	24	\N	\N	\N	\N	8	21	-10	False	blizzhackers/d2data	weapons.json	{}
base::cst	cst	Gnarled Staff	多節棍	weapon	staf	\N	cst	8cs	6cs	4	12	0	\N	\N	\N	\N	\N	\N	10	False	blizzhackers/d2data	weapons.json	{}
base::6mx	6mx	Gorgon Crossbow	蛇魔女十字弓	weapon	xbow	\N	mxb	8mx	6mx	4	67	50	117	105	\N	\N	\N	\N	\N	False	blizzhackers/d2data	weapons.json	{}
base::9ga	9ga	Gothic Axe	哥德之斧	weapon	axe	\N	gax	9ga	7ga	6	46	25	115	79	\N	\N	\N	\N	-10	False	blizzhackers/d2data	weapons.json	{}
base::8lw	8lw	Gothic Bow	哥德弓	weapon	bow	\N	lwb	8lw	6lw	6	52	25	95	118	\N	\N	\N	\N	10	False	blizzhackers/d2data	weapons.json	{}
base::8bs	8bs	Gothic Staff	哥德之棍	weapon	staf	\N	bst	8bs	6bs	4	42	25	25	\N	\N	\N	\N	\N	\N	False	blizzhackers/d2data	weapons.json	{}
base::9b9	9b9	Gothic Sword	哥德劍	weapon	swor	\N	bsw	9b9	7b7	4	48	25	113	20	\N	\N	14	40	10	False	blizzhackers/d2data	weapons.json	{}
base::amc	amc	Grand Matron Bow	大院長之弓	weapon	abow	\N	am2	am7	amc	5	78	58	108	152	\N	\N	\N	\N	10	False	blizzhackers/d2data	weapons.json	{}
base::gsc	gsc	Grand Scepter	雄偉權杖	weapon	scep	\N	gsc	9qs	7qs	3	15	0	37	\N	\N	\N	8	18	10	False	blizzhackers/d2data	weapons.json	{}
base::9gw	9gw	Grave Wand	墓地之杖	weapon	wand	\N	gwn	9gw	7gw	2	49	25	25	\N	\N	\N	13	29	\N	False	blizzhackers/d2data	weapons.json	{}
base::gax	gax	Great Axe	卓越之斧	weapon	axe	\N	gax	9ga	7ga	6	23	0	63	39	\N	\N	\N	\N	-10	False	blizzhackers/d2data	weapons.json	{}
base::6cb	6cb	Great Bow	巨弓	weapon	bow	\N	cbw	8cb	6cb	4	68	51	121	107	\N	\N	\N	\N	-10	False	blizzhackers/d2data	weapons.json	{}
base::gma	gma	Great Maul	卓越巨棍	weapon	hamm	\N	gma	9gm	7gm	6	32	0	99	\N	\N	\N	\N	\N	20	False	blizzhackers/d2data	weapons.json	{}
base::9pi	9pi	Great Pilum	卓越標槍	weapon	jave	\N	pil	9pi	7pi	\N	37	25	25	88	\N	\N	11	26	\N	False	blizzhackers/d2data	weapons.json	{}
base::7h7	7h7	Great Poleaxe	巨長斧	weapon	pole	\N	hal	9h9	7h7	6	84	63	179	99	\N	\N	\N	\N	\N	False	blizzhackers/d2data	weapons.json	{}
base::gsd	gsd	Great Sword	卓越之劍	weapon	swor	\N	gsd	9gd	7gd	6	33	0	100	60	\N	\N	12	20	10	False	blizzhackers/d2data	weapons.json	{}
base::9lw	9lw	Greater Claws	巨爪	weapon	h2h2	\N	clw	9lw	7lw	3	45	33	76	76	\N	\N	18	37	-20	False	blizzhackers/d2data	weapons.json	{}
base::9tw	9tw	Greater Talons	巨鷹爪	weapon	h2h2	\N	btl	9tw	7tw	3	50	37	79	79	\N	\N	21	35	-30	False	blizzhackers/d2data	weapons.json	{}
base::9wc	9wc	Grim Scythe	殘酷鐮刀	weapon	pole	\N	wsc	9wc	7wc	6	55	25	140	140	\N	\N	\N	\N	-10	False	blizzhackers/d2data	weapons.json	{}
base::gwn	gwn	Grim Wand	殘酷之杖	weapon	wand	\N	gwn	9gw	7gw	2	26	0	\N	\N	\N	\N	5	11	\N	False	blizzhackers/d2data	weapons.json	{}
base::hal	hal	Halberd	長戟	weapon	pole	\N	hal	9h9	7h7	6	29	0	75	47	\N	\N	\N	\N	\N	False	blizzhackers/d2data	weapons.json	{}
base::hax	hax	Hand Axe	手斧	weapon	axe	\N	hax	9ha	7ha	2	3	0	\N	\N	\N	\N	3	6	\N	False	blizzhackers/d2data	weapons.json	{}
base::9cs	9cs	Hand Scythe	手鐮	weapon	h2h2	\N	ces	9cs	7cs	2	41	30	73	73	\N	\N	16	37	-10	False	blizzhackers/d2data	weapons.json	{}
base::9ts	9ts	Harpoon	魚叉	weapon	jave	\N	tsp	9ts	7ts	\N	51	25	25	118	\N	\N	13	35	-10	False	blizzhackers/d2data	weapons.json	{}
base::9ha	9ha	Hatchet	小斧	weapon	axe	\N	hax	9ha	7ha	2	31	19	25	25	\N	\N	10	21	\N	False	blizzhackers/d2data	weapons.json	{}
base::axf	axf	Hatchet Hands	斧手	weapon	h2h	\N	axf	9xf	7xf	2	12	0	37	37	\N	\N	2	15	10	False	blizzhackers/d2data	weapons.json	{}
base::obb	obb	Heavenly Stone	天堂之石	weapon	orb	\N	ob1	ob6	obb	4	59	44	\N	\N	\N	\N	21	46	-10	False	blizzhackers/d2data	weapons.json	{}
base::hxb	hxb	Heavy Crossbow	重十字弓	weapon	xbow	\N	hxb	8hx	6hx	6	24	0	60	40	\N	\N	\N	\N	10	False	blizzhackers/d2data	weapons.json	{}
base::hfh	hfh	Hellforge Hammer	地獄熔爐鐵鎚	weapon	hamm	\N	hfh	\N	\N	5	0	0	\N	\N	\N	\N	6	15	\N	False	blizzhackers/d2data	weapons.json	{}
base::7cm	7cm	Highland Blade	高地之劍	weapon	swor	\N	clm	9cm	7cm	4	66	49	171	104	\N	\N	22	62	-5	False	blizzhackers/d2data	weapons.json	{}
base::9qs	9qs	Holy Water Sprinkler	聖水噴杖	weapon	scep	\N	gsc	9qs	7qs	3	40	25	76	\N	\N	\N	14	36	10	False	blizzhackers/d2data	weapons.json	{}
base::hdm	hdm	Horadric Malus	赫拉迪克.馬勒斯	weapon	hamm	\N	hdm	\N	\N	\N	0	0	15	15	\N	\N	6	15	20	False	blizzhackers/d2data	weapons.json	{}
base::hst	hst	Horadric Staff	赫拉迪克之杖	weapon	staf	\N	hst	\N	\N	\N	0	0	30	\N	\N	\N	\N	\N	\N	False	blizzhackers/d2data	weapons.json	{}
base::hbw	hbw	Hunter's Bow	獵弓	weapon	bow	\N	hbw	8hb	6hb	4	5	0	\N	28	\N	\N	\N	\N	-10	False	blizzhackers/d2data	weapons.json	{}
base::9b8	9b8	Hurlbat	短戰戟	weapon	taxe	\N	bal	9b8	7b8	\N	41	25	25	106	\N	\N	13	27	-10	False	blizzhackers/d2data	weapons.json	{}
base::6lw	6lw	Hydra Bow	九頭蛇弓	weapon	bow	\N	lwb	8lw	6lw	6	85	63	134	167	\N	\N	\N	\N	10	False	blizzhackers/d2data	weapons.json	{}
base::7fc	7fc	Hydra Edge	九頭蛇刃	weapon	swor	\N	flc	9fc	7fc	2	69	51	142	105	\N	\N	28	68	10	False	blizzhackers/d2data	weapons.json	{}
base::7ja	7ja	Hyperion Javelin	亥伯龍之槍	weapon	jave	\N	jav	9ja	7ja	\N	54	40	98	123	\N	\N	21	57	-10	False	blizzhackers/d2data	weapons.json	{}
base::7sr	7sr	Hyperion Spear	亥伯龍之矛	weapon	spea	\N	spr	9sr	7sr	3	58	43	155	120	\N	\N	\N	\N	-10	False	blizzhackers/d2data	weapons.json	{}
base::9mt	9mt	Jagged Star	鋸齒流星鎚	weapon	mace	\N	mst	9mt	7mt	3	39	25	74	\N	\N	\N	20	31	10	False	blizzhackers/d2data	weapons.json	{}
base::ob5	ob5	Jared's Stone	傑瑞德之石	weapon	orb	\N	ob5	oba	obf	4	24	18	\N	\N	\N	\N	8	18	10	False	blizzhackers/d2data	weapons.json	{}
base::jav	jav	Javelin	標槍	weapon	jave	\N	jav	9ja	7ja	\N	1	0	\N	\N	\N	\N	1	5	-10	False	blizzhackers/d2data	weapons.json	{}
base::8ss	8ss	Jo Staff	喬木棒	weapon	staf	\N	sst	8ss	6ss	2	30	18	25	\N	\N	\N	\N	\N	-10	False	blizzhackers/d2data	weapons.json	{}
base::ktr	ktr	Katar	拳劍	weapon	h2h	\N	ktr	9ar	7ar	2	1	0	20	20	\N	\N	4	7	-10	False	blizzhackers/d2data	weapons.json	{}
base::qf1	qf1	Khalim's Flail	克林姆的連枷	weapon	mace	\N	fla	\N	\N	3	0	0	41	35	\N	\N	1	15	-10	False	blizzhackers/d2data	weapons.json	{}
base::qf2	qf2	Khalim's Will	克林姆的意志	weapon	mace	\N	fla	\N	\N	3	0	0	\N	\N	\N	\N	1	15	-10	False	blizzhackers/d2data	weapons.json	{}
base::9fl	9fl	Knout	鐵皮鞭	weapon	mace	\N	fla	9fl	7fl	5	43	25	82	73	\N	\N	13	35	-10	False	blizzhackers/d2data	weapons.json	{}
base::kri	kri	Kriss	波形刀	weapon	knif	\N	kri	9kr	7kr	3	17	0	\N	45	\N	\N	2	11	-20	False	blizzhackers/d2data	weapons.json	{}
base::9p9	9p9	Lance	長槍	weapon	spea	\N	pik	9p9	7p7	6	47	25	110	88	\N	\N	\N	\N	20	False	blizzhackers/d2data	weapons.json	{}
base::lax	lax	Large Axe	巨斧	weapon	axe	\N	lax	9la	7la	4	6	0	35	\N	\N	\N	\N	\N	-10	False	blizzhackers/d2data	weapons.json	{}
base::7bl	7bl	Legend Spike	傳說尖刺	weapon	knif	\N	bld	9bl	7bl	3	85	66	65	67	\N	\N	31	47	-10	False	blizzhackers/d2data	weapons.json	{}
base::72h	72h	Legend Sword	傳說之劍	weapon	swor	\N	2hs	92h	72h	3	59	44	175	100	\N	\N	22	56	-15	False	blizzhackers/d2data	weapons.json	{}
base::7wh	7wh	Legendary Mallet	傳說之鎚	weapon	hamm	\N	whm	9wh	7wh	4	82	61	189	\N	\N	\N	50	61	20	False	blizzhackers/d2data	weapons.json	{}
base::7bw	7bw	Lich Wand	巫妖法杖	weapon	wand	\N	bwn	9bw	7bw	2	75	56	25	\N	\N	\N	10	31	-20	False	blizzhackers/d2data	weapons.json	{}
base::lxb	lxb	Light Crossbow	輕十字弓	weapon	xbow	\N	lxb	8lx	6lx	3	6	0	21	27	\N	\N	\N	\N	-10	False	blizzhackers/d2data	weapons.json	{}
base::9b7	9b7	Lochaber Axe	羅佳柏斧	weapon	pole	\N	bar	9b7	7o7	3	33	21	80	\N	\N	\N	\N	\N	10	False	blizzhackers/d2data	weapons.json	{}
base::lbb	lbb	Long Battle Bow	長戰鬥弓	weapon	bow	\N	lbb	8l8	6l7	6	23	0	40	50	\N	\N	\N	\N	10	False	blizzhackers/d2data	weapons.json	{}
base::lbw	lbw	Long Bow	長弓	weapon	bow	\N	lbw	8lb	6lb	5	8	0	22	19	\N	\N	\N	\N	\N	False	blizzhackers/d2data	weapons.json	{}
base::8l8	8l8	Long Siege Bow	長攻城弓	weapon	bow	\N	lbb	8l8	6l7	6	46	25	80	95	\N	\N	\N	\N	10	False	blizzhackers/d2data	weapons.json	{}
base::lst	lst	Long Staff	長棍	weapon	staf	\N	lst	8ls	6ls	3	8	0	\N	\N	\N	\N	\N	\N	\N	False	blizzhackers/d2data	weapons.json	{}
base::lsd	lsd	Long Sword	長劍	weapon	swor	\N	lsd	9ls	7ls	4	20	0	55	39	\N	\N	3	19	-10	False	blizzhackers/d2data	weapons.json	{}
base::lwb	lwb	Long War Bow	長巨戰弓	weapon	bow	\N	lwb	8lw	6lw	6	31	0	50	65	\N	\N	\N	\N	10	False	blizzhackers/d2data	weapons.json	{}
base::mac	mac	Mace	釘頭錘	weapon	mace	\N	mac	9ma	7ma	2	8	0	27	\N	\N	\N	3	10	\N	False	blizzhackers/d2data	weapons.json	{}
base::am5	am5	Maiden Javelin	女士鏢槍	weapon	ajav	\N	am5	ama	amf	\N	23	17	33	47	\N	\N	8	14	-10	False	blizzhackers/d2data	weapons.json	{}
base::am4	am4	Maiden Pike	女士長矛	weapon	aspe	\N	am4	am9	ame	6	27	20	63	52	\N	\N	\N	\N	10	False	blizzhackers/d2data	weapons.json	{}
base::am3	am3	Maiden Spear	女士之矛	weapon	aspe	\N	am3	am8	amd	6	18	14	54	40	\N	\N	\N	\N	\N	False	blizzhackers/d2data	weapons.json	{}
base::7br	7br	Mancatcher	刺人槍	weapon	spea	\N	brn	9br	7br	5	74	55	132	134	\N	\N	\N	\N	-20	False	blizzhackers/d2data	weapons.json	{}
base::9gm	9gm	Martel de Fer	戰槌	weapon	hamm	\N	gma	9gm	7gm	6	53	25	169	\N	\N	\N	\N	\N	20	False	blizzhackers/d2data	weapons.json	{}
base::amb	amb	Matriarchal Bow	女族長之弓	weapon	abow	\N	am1	am6	amb	5	53	39	87	187	\N	\N	\N	\N	-10	False	blizzhackers/d2data	weapons.json	{}
base::amf	amf	Matriarchal Javelin	女族長之鏢槍	weapon	ajav	\N	am5	ama	amf	\N	65	48	107	151	\N	\N	30	54	-10	False	blizzhackers/d2data	weapons.json	{}
base::ame	ame	Matriarchal Pike	女族長之長矛	weapon	aspe	\N	am4	am9	ame	6	81	60	132	149	\N	\N	\N	\N	20	False	blizzhackers/d2data	weapons.json	{}
base::amd	amd	Matriarchal Spear	女族長之矛	weapon	aspe	\N	am3	am8	amd	6	61	45	114	142	\N	\N	\N	\N	\N	False	blizzhackers/d2data	weapons.json	{}
base::mau	mau	Maul	大木棍	weapon	hamm	\N	mau	9m9	7m7	6	21	0	69	\N	\N	\N	\N	\N	10	False	blizzhackers/d2data	weapons.json	{}
base::7sc	7sc	Mighty Scepter	強威權杖	weapon	scep	\N	scp	9sc	7sc	2	62	46	125	65	\N	\N	40	52	\N	False	blizzhackers/d2data	weapons.json	{}
base::9la	9la	Military Axe	軍斧	weapon	axe	\N	lax	9la	7la	4	34	22	73	\N	\N	\N	\N	\N	-10	False	blizzhackers/d2data	weapons.json	{}
base::mpi	mpi	Military Pick	軍用鍬	weapon	axe	\N	mpi	9mp	7mp	6	19	0	49	33	\N	\N	7	11	-10	False	blizzhackers/d2data	weapons.json	{}
base::7di	7di	Mithral Point	秘銀小刀	weapon	knif	\N	dir	9di	7di	1	70	52	55	98	\N	\N	37	53	\N	False	blizzhackers/d2data	weapons.json	{}
base::mst	mst	Morning Star	流星鎚	weapon	mace	\N	mst	9mt	7mt	3	13	0	36	\N	\N	\N	7	16	10	False	blizzhackers/d2data	weapons.json	{}
base::7wd	7wd	Mythical Sword	秘儀之劍	weapon	swor	\N	wsd	9wd	7wd	3	85	66	147	124	\N	\N	40	50	\N	False	blizzhackers/d2data	weapons.json	{}
base::9wa	9wa	Naga	納卡	weapon	axe	\N	wax	9wa	7wa	6	48	25	121	\N	\N	\N	16	45	\N	False	blizzhackers/d2data	weapons.json	{}
base::7o7	7o7	Ogre Axe	食人魔之斧	weapon	pole	\N	bar	9b7	7o7	3	60	45	195	75	\N	\N	\N	\N	\N	False	blizzhackers/d2data	weapons.json	{}
base::7m7	7m7	Ogre Maul	食人魔之錘	weapon	hamm	\N	mau	9m9	7m7	6	69	51	225	\N	\N	\N	\N	\N	10	False	blizzhackers/d2data	weapons.json	{}
base::ops	ops	Oil Potion	油	weapon	tpot	\N	ops	\N	\N	\N	28	20	\N	\N	\N	\N	0	1	\N	False	blizzhackers/d2data	weapons.json	{}
base::9pa	9pa	Partizan	戰戟	weapon	pole	\N	pax	9pa	7pa	5	35	23	113	67	\N	\N	\N	\N	10	False	blizzhackers/d2data	weapons.json	{}
base::6lx	6lx	Pellet Bow	彈丸弓	weapon	xbow	\N	lxb	8lx	6lx	3	57	42	83	155	\N	\N	\N	\N	-10	False	blizzhackers/d2data	weapons.json	{}
base::9yw	9yw	Petrified Wand	淨化之杖	weapon	wand	\N	ywn	9yw	7yw	2	38	25	25	\N	\N	\N	8	24	10	False	blizzhackers/d2data	weapons.json	{}
base::7cr	7cr	Phase Blade	幻化之刃	weapon	swor	\N	crs	9cr	7cr	6	73	54	25	136	\N	\N	31	35	-30	False	blizzhackers/d2data	weapons.json	{}
base::pik	pik	Pike	矛	weapon	spea	\N	pik	9p9	7p7	6	24	0	60	45	\N	\N	\N	\N	20	False	blizzhackers/d2data	weapons.json	{}
base::pil	pil	Pilum	短鏢槍	weapon	jave	\N	pil	9pi	7pi	\N	10	0	\N	45	\N	\N	4	9	\N	False	blizzhackers/d2data	weapons.json	{}
base::9dg	9dg	Poignard	銳匕	weapon	knif	\N	dgr	9dg	7dg	1	31	19	25	\N	\N	\N	6	18	-20	False	blizzhackers/d2data	weapons.json	{}
base::pax	pax	Poleaxe	長柄戰斧	weapon	pole	\N	pax	9pa	7pa	5	21	0	62	\N	\N	\N	\N	\N	10	False	blizzhackers/d2data	weapons.json	{}
base::7wn	7wn	Polished Wand	洗鍊法杖	weapon	wand	\N	wnd	9wn	7wn	2	55	41	25	\N	\N	\N	18	33	\N	False	blizzhackers/d2data	weapons.json	{}
base::8ls	8ls	Quarterstaff	六尺棍	weapon	staf	\N	lst	8ls	6ls	3	35	23	25	\N	\N	\N	\N	\N	\N	False	blizzhackers/d2data	weapons.json	{}
base::9ar	9ar	Quhab	格鬥刃	weapon	h2h	\N	ktr	9ar	7ar	3	28	21	57	57	\N	\N	11	24	\N	False	blizzhackers/d2data	weapons.json	{}
base::gps	gps	Rancid Gas Potion	惡臭瓦斯葯劑	weapon	tpot	\N	gps	\N	\N	\N	32	24	\N	\N	\N	\N	0	1	\N	False	blizzhackers/d2data	weapons.json	{}
base::8hb	8hb	Razor Bow	剃刀之弓	weapon	bow	\N	hbw	8hb	6hb	4	33	21	25	62	\N	\N	\N	\N	-10	False	blizzhackers/d2data	weapons.json	{}
base::am2	am2	Reflex Bow	反射之弓	weapon	abow	\N	am2	am7	amc	5	27	20	35	60	\N	\N	\N	\N	10	False	blizzhackers/d2data	weapons.json	{}
base::7ma	7ma	Reinforced Mace	強化釘頭錘	weapon	mace	\N	mac	9ma	7ma	2	63	47	145	46	\N	\N	41	49	\N	False	blizzhackers/d2data	weapons.json	{}
base::rxb	rxb	Repeating Crossbow	連射十字弓	weapon	xbow	\N	rxb	8rx	6rx	5	33	0	40	50	\N	\N	\N	\N	-40	False	blizzhackers/d2data	weapons.json	{}
base::9di	9di	Rondel	詩歌匕首	weapon	knif	\N	dir	9di	7di	1	36	24	25	58	\N	\N	10	26	\N	False	blizzhackers/d2data	weapons.json	{}
base::8sw	8sw	Rune Bow	符文之弓	weapon	bow	\N	swb	8sw	6sw	5	49	25	73	103	\N	\N	\N	\N	\N	False	blizzhackers/d2data	weapons.json	{}
base::9sc	9sc	Rune Scepter	符文權杖	weapon	scep	\N	scp	9sc	7sc	2	31	19	58	\N	\N	\N	13	24	\N	False	blizzhackers/d2data	weapons.json	{}
base::8ws	8ws	Rune Staff	符文之棍	weapon	staf	\N	wst	8ws	6ws	6	47	25	25	\N	\N	\N	\N	\N	20	False	blizzhackers/d2data	weapons.json	{}
base::9ls	9ls	Rune Sword	符文劍	weapon	swor	\N	lsd	9ls	7ls	4	44	25	103	79	\N	\N	10	42	-10	False	blizzhackers/d2data	weapons.json	{}
base::7tw	7tw	Runic Talons	符紋爪	weapon	h2h2	\N	btl	9tw	7tw	3	81	60	115	115	\N	\N	24	44	-30	False	blizzhackers/d2data	weapons.json	{}
base::sbr	sbr	Saber	軍刀	weapon	swor	\N	sbr	9sb	7sb	2	8	0	25	25	\N	\N	3	8	-10	False	blizzhackers/d2data	weapons.json	{}
base::ob2	ob2	Sacred Globe	神聖天球	weapon	orb	\N	ob2	ob7	obc	4	8	0	\N	\N	\N	\N	3	8	-10	False	blizzhackers/d2data	weapons.json	{}
base::scp	scp	Scepter	權杖	weapon	scep	\N	scp	9sc	7sc	2	3	0	25	\N	\N	\N	6	11	\N	False	blizzhackers/d2data	weapons.json	{}
base::scm	scm	Scimitar	彎刀	weapon	swor	\N	scm	9sm	7sm	2	5	0	\N	21	\N	\N	2	6	-20	False	blizzhackers/d2data	weapons.json	{}
base::skr	skr	Scissors Katar	剪咬刃	weapon	h2h	\N	skr	9qr	7qr	3	24	0	55	55	\N	\N	9	17	-10	False	blizzhackers/d2data	weapons.json	{}
base::9qr	9qr	Scissors Quhab	格鬥剪	weapon	h2h2	\N	skr	9qr	7qr	3	54	40	82	82	\N	\N	19	40	\N	False	blizzhackers/d2data	weapons.json	{}
base::7qr	7qr	Scissors Suwayyah	近身剪	weapon	h2h2	\N	skr	9qr	7qr	3	85	64	118	118	\N	\N	40	51	\N	False	blizzhackers/d2data	weapons.json	{}
base::7fl	7fl	Scourge	天罰之錘	weapon	mace	\N	fla	9fl	7fl	5	76	57	125	77	\N	\N	3	80	-10	False	blizzhackers/d2data	weapons.json	{}
base::scy	scy	Scythe	鐮刀	weapon	pole	\N	scy	9s8	7s8	5	15	0	41	41	\N	\N	\N	\N	-10	False	blizzhackers/d2data	weapons.json	{}
base::7qs	7qs	Seraph Rod	熾天使法杖	weapon	scep	\N	gsc	9qs	7qs	3	76	57	108	69	\N	\N	45	54	10	False	blizzhackers/d2data	weapons.json	{}
base::6lb	6lb	Shadow Bow	陰影弓	weapon	bow	\N	lbw	8lb	6lb	5	63	47	52	188	\N	\N	\N	\N	\N	False	blizzhackers/d2data	weapons.json	{}
base::9sb	9sb	Shamshir	虛偽之刃	weapon	swor	\N	sbr	9sb	7sb	2	35	23	58	58	\N	\N	10	24	-10	False	blizzhackers/d2data	weapons.json	{}
base::6bs	6bs	Shillelagh	樹皮之杖	weapon	staf	\N	bst	8bs	6bs	4	83	62	52	27	\N	\N	\N	\N	\N	False	blizzhackers/d2data	weapons.json	{}
base::sbb	sbb	Short Battle Bow	短戰鬥弓	weapon	bow	\N	sbb	8s8	6s7	5	18	0	30	40	\N	\N	\N	\N	\N	False	blizzhackers/d2data	weapons.json	{}
base::sbw	sbw	Short Bow	短弓	weapon	bow	\N	sbw	8sb	6sb	3	1	0	\N	15	\N	\N	\N	\N	5	False	blizzhackers/d2data	weapons.json	{}
base::8s8	8s8	Short Siege Bow	短攻城弓	weapon	bow	\N	sbb	8s8	6s7	5	43	25	65	80	\N	\N	\N	\N	\N	False	blizzhackers/d2data	weapons.json	{}
base::ssp	ssp	Short Spear	短矛	weapon	jave	\N	ssp	9s9	7s7	\N	15	0	40	40	\N	\N	2	13	10	False	blizzhackers/d2data	weapons.json	{}
base::sst	sst	Short Staff	短棍	weapon	staf	\N	sst	8ss	6ss	2	1	0	\N	\N	\N	\N	\N	\N	-10	False	blizzhackers/d2data	weapons.json	{}
base::ssd	ssd	Short Sword	短劍	weapon	swor	\N	ssd	9ss	7ss	2	1	0	\N	\N	\N	\N	2	7	\N	False	blizzhackers/d2data	weapons.json	{}
base::swb	swb	Short War Bow	短巨戰弓	weapon	bow	\N	swb	8sw	6sw	5	27	0	35	55	\N	\N	\N	\N	\N	False	blizzhackers/d2data	weapons.json	{}
base::8mx	8mx	Siege Crossbow	攻城十字弓	weapon	xbow	\N	mxb	8mx	6mx	4	40	25	80	70	\N	\N	\N	\N	\N	False	blizzhackers/d2data	weapons.json	{}
base::7ba	7ba	Silver-edged Axe	銀刃斧	weapon	axe	\N	bax	9ba	7ba	5	65	48	166	65	\N	\N	\N	\N	\N	False	blizzhackers/d2data	weapons.json	{}
base::9s9	9s9	Simbilan	銳矛	weapon	jave	\N	ssp	9s9	7s7	\N	40	25	80	80	\N	\N	8	32	10	False	blizzhackers/d2data	weapons.json	{}
base::7ax	7ax	Small Crescent	彎月斧	weapon	axe	\N	axe	9ax	7ax	4	61	45	115	83	\N	\N	38	60	10	False	blizzhackers/d2data	weapons.json	{}
base::ob3	ob3	Smoked Sphere	攏煙之球	weapon	orb	\N	ob3	ob8	obd	4	12	8	\N	\N	\N	\N	4	10	\N	False	blizzhackers/d2data	weapons.json	{}
base::ob9	ob9	Sparkling Ball	閃耀之球	weapon	orb	\N	ob4	ob9	obe	4	46	34	\N	\N	\N	\N	13	32	\N	False	blizzhackers/d2data	weapons.json	{}
base::spr	spr	Spear	長矛	weapon	spea	\N	spr	9sr	7sr	3	5	0	\N	20	\N	\N	\N	\N	-10	False	blizzhackers/d2data	weapons.json	{}
base::spt	spt	Spetum	大戰戟	weapon	spea	\N	spt	9st	7st	6	20	0	54	35	\N	\N	\N	\N	\N	False	blizzhackers/d2data	weapons.json	{}
base::9gl	9gl	Spiculum	闊針長矛	weapon	jave	\N	glv	9gl	7gl	\N	46	25	98	73	\N	\N	13	38	20	False	blizzhackers/d2data	weapons.json	{}
base::6sb	6sb	Spider Bow	蜘蛛弓	weapon	bow	\N	sbw	8sb	6sb	3	55	41	64	143	\N	\N	\N	\N	5	False	blizzhackers/d2data	weapons.json	{}
base::spc	spc	Spiked Club	狼牙棒	weapon	club	\N	spc	9sp	7sp	2	4	0	\N	\N	\N	\N	5	8	\N	False	blizzhackers/d2data	weapons.json	{}
base::msf	msf	Staff of Kings	赫拉迪克之杖的轉軸	weapon	staf	\N	msf	\N	\N	\N	0	0	25	\N	\N	\N	\N	\N	\N	False	blizzhackers/d2data	weapons.json	{}
base::am1	am1	Stag Bow	男性之弓	weapon	abow	\N	am1	am6	amb	5	18	14	30	45	\N	\N	\N	\N	\N	False	blizzhackers/d2data	weapons.json	{}
base::6ls	6ls	Stalagmite	鐘乳石之杖	weapon	staf	\N	lst	8ls	6ls	3	66	49	63	35	\N	\N	\N	\N	10	False	blizzhackers/d2data	weapons.json	{}
base::9bl	9bl	Stilleto	小劍	weapon	knif	\N	bld	9bl	7bl	3	46	25	47	97	\N	\N	19	36	-10	False	blizzhackers/d2data	weapons.json	{}
base::gpl	gpl	Strangling Gas Potion	勒頸瓦斯葯劑	weapon	tpot	\N	gpl	\N	\N	\N	8	6	\N	\N	\N	\N	0	1	\N	False	blizzhackers/d2data	weapons.json	{}
base::7tr	7tr	Stygian Pike	冥河之槍	weapon	spea	\N	tri	9tr	7tr	4	66	49	168	97	\N	\N	\N	\N	\N	False	blizzhackers/d2data	weapons.json	{}
base::7pi	7pi	Stygian Pilum	冥河標槍	weapon	jave	\N	pil	9pi	7pi	\N	62	46	118	112	\N	\N	14	64	\N	False	blizzhackers/d2data	weapons.json	{}
base::7ar	7ar	Suwayyah	近身刃	weapon	h2h2	\N	ktr	9ar	7ar	3	59	44	99	99	\N	\N	39	52	\N	False	blizzhackers/d2data	weapons.json	{}
base::oba	oba	Swirling Crystal	渦流水晶	weapon	orb	\N	ob5	oba	obf	4	50	37	\N	\N	\N	\N	18	42	10	False	blizzhackers/d2data	weapons.json	{}
base::9bt	9bt	Tabar	戰鬥斧	weapon	axe	\N	btx	9bt	7bt	5	42	25	101	\N	\N	\N	\N	\N	10	False	blizzhackers/d2data	weapons.json	{}
base::g33	g33	The Gidbinn	吉得賓	weapon	knif	\N	g33	\N	\N	\N	0	0	15	25	\N	\N	3	7	-20	False	blizzhackers/d2data	weapons.json	{}
base::7s8	7s8	Thresher	銳利之斧	weapon	pole	\N	scy	9s8	7s8	5	71	53	152	118	\N	\N	\N	\N	-10	False	blizzhackers/d2data	weapons.json	{}
base::tax	tax	Throwing Axe	飛斧	weapon	taxe	\N	tax	9ta	7ta	\N	7	0	\N	40	\N	\N	4	7	10	False	blizzhackers/d2data	weapons.json	{}
base::tkf	tkf	Throwing Knife	飛刀	weapon	tkni	\N	tkf	9tk	7tk	\N	2	0	\N	21	\N	\N	2	3	\N	False	blizzhackers/d2data	weapons.json	{}
base::tsp	tsp	Throwing Spear	飛矛	weapon	jave	\N	tsp	9ts	7ts	\N	29	0	\N	65	\N	\N	5	15	-10	False	blizzhackers/d2data	weapons.json	{}
base::7gm	7gm	Thunder Maul	雷錘	weapon	hamm	\N	gma	9gm	7gm	6	85	65	253	\N	\N	\N	\N	\N	20	False	blizzhackers/d2data	weapons.json	{}
base::7ha	7ha	Tomahawk	戰鉞	weapon	axe	\N	hax	9ha	7ha	2	54	40	125	67	\N	\N	33	58	\N	False	blizzhackers/d2data	weapons.json	{}
base::9bw	9bw	Tomb Wand	古墓之杖	weapon	wand	\N	bwn	9bw	7bw	2	43	25	25	\N	\N	\N	10	22	-20	False	blizzhackers/d2data	weapons.json	{}
base::tri	tri	Trident	三叉戟	weapon	spea	\N	tri	9tr	7tr	4	9	0	38	24	\N	\N	\N	\N	\N	False	blizzhackers/d2data	weapons.json	{}
base::7cl	7cl	Truncheon	戰儀杖	weapon	club	\N	clb	9cl	7cl	2	52	39	88	43	\N	\N	35	43	-10	False	blizzhackers/d2data	weapons.json	{}
base::9fc	9fc	Tulwar	圓月彎刀	weapon	swor	\N	flc	9fc	7fc	2	37	25	70	42	\N	\N	16	35	20	False	blizzhackers/d2data	weapons.json	{}
base::9gs	9gs	Tusk Sword	長牙劍	weapon	swor	\N	gis	9gs	7gs	4	45	25	104	71	\N	\N	10	37	\N	False	blizzhackers/d2data	weapons.json	{}
base::92a	92a	Twin Axe	強化雙斧	weapon	axe	\N	2ax	92a	72a	5	39	25	85	\N	\N	\N	13	38	10	False	blizzhackers/d2data	weapons.json	{}
base::2hs	2hs	Two-Handed Sword	雙手劍	weapon	swor	\N	2hs	92h	72h	3	10	0	35	27	\N	\N	2	9	\N	False	blizzhackers/d2data	weapons.json	{}
base::7sp	7sp	Tyrant Club	暴君之棒	weapon	club	\N	spc	9sp	7sp	3	57	42	133	\N	\N	\N	32	58	\N	False	blizzhackers/d2data	weapons.json	{}
base::7gw	7gw	Unearthed Wand	破隱法杖	weapon	wand	\N	gwn	9gw	7gw	2	86	64	25	\N	\N	\N	22	28	\N	False	blizzhackers/d2data	weapons.json	{}
base::obe	obe	Vortex Orb	漩渦球	weapon	orb	\N	ob4	ob9	obe	4	84	63	\N	\N	\N	\N	12	66	\N	False	blizzhackers/d2data	weapons.json	{}
base::vou	vou	Voulge	鉤鐮槍	weapon	pole	\N	vou	9vo	7vo	4	11	0	50	\N	\N	\N	\N	\N	\N	False	blizzhackers/d2data	weapons.json	{}
base::6ss	6ss	Walking Stick	手杖	weapon	staf	\N	sst	8ss	6ss	2	58	43	25	\N	\N	\N	\N	\N	-10	False	blizzhackers/d2data	weapons.json	{}
base::wnd	wnd	Wand	法杖	weapon	wand	\N	wnd	9wn	7wn	1	2	0	\N	\N	\N	\N	2	4	\N	False	blizzhackers/d2data	weapons.json	{}
base::wax	wax	War Axe	巨戰斧	weapon	axe	\N	wax	9wa	7wa	6	25	0	67	\N	\N	\N	10	18	\N	False	blizzhackers/d2data	weapons.json	{}
base::9m9	9m9	War Club	巨戰木棍	weapon	hamm	\N	mau	9m9	7m7	6	45	25	124	\N	\N	\N	\N	\N	10	False	blizzhackers/d2data	weapons.json	{}
base::9bk	9bk	War Dart	巨戰飛鏢	weapon	tkni	\N	bkf	9bk	7bk	\N	39	25	25	97	\N	\N	6	24	-20	False	blizzhackers/d2data	weapons.json	{}
base::7xf	7xf	War Fist	戰拳	weapon	h2h2	\N	axf	9xf	7xf	2	68	51	108	108	\N	\N	44	53	10	False	blizzhackers/d2data	weapons.json	{}
base::9br	9br	War Fork	巨戰之叉	weapon	spea	\N	brn	9br	7br	5	41	25	80	95	\N	\N	\N	\N	-20	False	blizzhackers/d2data	weapons.json	{}
base::whm	whm	War Hammer	巨戰鐵鎚	weapon	hamm	\N	whm	9wh	7wh	4	25	0	53	\N	\N	\N	19	29	20	False	blizzhackers/d2data	weapons.json	{}
base::9ja	9ja	War Javelin	巨戰標槍	weapon	jave	\N	jav	9ja	7ja	\N	30	18	25	25	\N	\N	6	19	-10	False	blizzhackers/d2data	weapons.json	{}
base::7p7	7p7	War Pike	戰槍	weapon	spea	\N	pik	9p9	7p7	6	85	66	165	106	\N	\N	\N	\N	20	False	blizzhackers/d2data	weapons.json	{}
base::wsp	wsp	War Scepter	巨戰權杖	weapon	scep	\N	wsp	9ws	7ws	5	21	0	55	\N	\N	\N	10	17	-10	False	blizzhackers/d2data	weapons.json	{}
base::wsc	wsc	War Scythe	巨戰鐮刀	weapon	pole	\N	wsc	9wc	7wc	6	34	0	80	80	\N	\N	\N	\N	-10	False	blizzhackers/d2data	weapons.json	{}
base::9sr	9sr	War Spear	巨戰長矛	weapon	spea	\N	spr	9sr	7sr	3	33	21	25	25	\N	\N	\N	\N	-10	False	blizzhackers/d2data	weapons.json	{}
base::7mp	7mp	War Spike	戰刺	weapon	axe	\N	mpi	9mp	7mp	6	79	59	133	54	\N	\N	30	48	-10	False	blizzhackers/d2data	weapons.json	{}
base::wst	wst	War Staff	巨戰法杖	weapon	staf	\N	wst	8ws	6ws	6	24	0	\N	\N	\N	\N	\N	\N	20	False	blizzhackers/d2data	weapons.json	{}
base::wsd	wsd	War Sword	巨戰之劍	weapon	swor	\N	wsd	9wd	7wd	3	27	0	71	45	\N	\N	8	20	\N	False	blizzhackers/d2data	weapons.json	{}
base::6sw	6sw	Ward Bow	庇護之弓	weapon	bow	\N	swb	8sw	6sw	5	80	60	72	146	\N	\N	\N	\N	\N	False	blizzhackers/d2data	weapons.json	{}
base::7b8	7b8	Winged Axe	翼斧	weapon	taxe	\N	bal	9b8	7b8	\N	80	60	96	122	\N	\N	11	56	-10	False	blizzhackers/d2data	weapons.json	{}
base::7ts	7ts	Winged Harpoon	翼魚叉	weapon	jave	\N	tsp	9ts	7ts	\N	85	65	76	145	\N	\N	27	35	-10	False	blizzhackers/d2data	weapons.json	{}
base::7bk	7bk	Winged Knife	翼刀	weapon	tkni	\N	bkf	9bk	7bk	\N	77	57	45	142	\N	\N	27	35	-20	False	blizzhackers/d2data	weapons.json	{}
base::leg	leg	Wirt's Leg	維特之腳	weapon	club	\N	leg	\N	\N	3	0	0	\N	\N	\N	\N	2	8	-10	False	blizzhackers/d2data	weapons.json	{}
base::wrb	wrb	Wrist Blade	腕刃	weapon	h2h	\N	wrb	9wb	7wb	2	9	0	33	33	\N	\N	5	9	\N	False	blizzhackers/d2data	weapons.json	{}
base::9wb	9wb	Wrist Spike	腕刺	weapon	h2h	\N	wrb	9wb	7wb	2	32	24	66	66	\N	\N	13	27	-10	False	blizzhackers/d2data	weapons.json	{}
base::7wb	7wb	Wrist Sword	腕劍	weapon	h2h2	\N	wrb	9wb	7wb	3	62	46	105	105	\N	\N	34	45	-10	False	blizzhackers/d2data	weapons.json	{}
base::9st	9st	Yari	三叉長槍	weapon	spea	\N	spt	9st	7st	6	44	25	101	\N	\N	\N	\N	\N	\N	False	blizzhackers/d2data	weapons.json	{}
base::ywn	ywn	Yew Wand	紫杉之杖	weapon	wand	\N	ywn	9yw	7yw	1	12	0	\N	\N	\N	\N	2	8	10	False	blizzhackers/d2data	weapons.json	{}
base::9fb	9fb	Zweihander	瑞韓德之劍	weapon	swor	\N	flb	9fb	7fb	5	49	25	125	94	\N	\N	19	35	-10	False	blizzhackers/d2data	weapons.json	{}
