cube::0	0	Staff of Kings + Amulet of the Viper -> Horadric Staff	other	1	0	2	hst	blizzhackers/d2data	cubemain.json	{}	{}
cube::1	1	Khalim's Flail + Khalim's Heart + Khalim's Eye + Khalim's Brain -> Khalim's Will	other	1	0	4	qf2	blizzhackers/d2data	cubemain.json	{}	{}
cube::2	2	Wirt's Leg + Tome of Town Portal -> Portal to The Secret Cow Level	other	1	0	2	Cow Portal	blizzhackers/d2data	cubemain.json	{}	{}
cube::3	3	3 Healing Potions (Any) + 3 Mana Potions (Any) + 1 Standard Gem (Any) -> Full Rejuvenation Potion	reroll_or_transform	1	0	7	rvl	blizzhackers/d2data	cubemain.json	{}	{}
cube::4	4	3 Healing Potions (Any) + 3 Mana Potions (Any)  + 1 Chipped Gem (Any) -> Rejuvenation Potion	reroll_or_transform	1	0	7	rvs	blizzhackers/d2data	cubemain.json	{}	{}
cube::5	5	3 Rejuvenation Potions -> Full Rejuvenation Potion	reroll_or_transform	1	0	3	rvl	blizzhackers/d2data	cubemain.json	{}	{}
cube::6	6	6 Perfect Gems (1 of each type) + 1 Magic Amulet -> Prismatic Amulet	other	1	0	7	"""amu,mag,pre=331"""	blizzhackers/d2data	cubemain.json	{}	{}
cube::7	7	1 Magic Ring + 1 Perfect Ruby + 1 Exploding Potion -> Garnet Ring	other	1	0	3	"""rin,mag,pre=372"""	blizzhackers/d2data	cubemain.json	{}	{}
cube::8	8	1 Magic Ring + 1 Perfect Sapphire + 1 Thawing Potion -> Cobalt Ring	other	1	0	3	"""rin,mag,pre=353"""	blizzhackers/d2data	cubemain.json	{}	{}
cube::9	9	1 Magic Ring + 1 Perfect Topaz + 1 Rejuvenation Potion -> Coral Ring	reroll_or_transform	1	0	3	"""rin,mag,pre=392"""	blizzhackers/d2data	cubemain.json	{}	{}
cube::10	10	1 Magic Ring + 1 Standard Emerald + 1 Antidote Potion -> Jade Ring	other	1	0	3	"""rin,mag,pre=412"""	blizzhackers/d2data	cubemain.json	{}	{}
cube::11	11	1 Axe (Any) + 1 Dagger (Any) -> Throwing Axe	other	1	0	2	"""tax,nor"""	blizzhackers/d2data	cubemain.json	{}	{}
cube::12	12	1 Spear (Any) + 1 Arrows -> Javelins	other	1	0	2	"""jav,nor"""	blizzhackers/d2data	cubemain.json	{}	{}
cube::13	13	3 Magic Rings -> Magic Amulet	other	1	0	3	"""amu,mag"""	blizzhackers/d2data	cubemain.json	{}	{}
cube::14	14	3 Magic Amulets -> Magic Ring	other	1	0	3	"""rin,mag"""	blizzhackers/d2data	cubemain.json	{}	{}
cube::15	15	3 Standard Gems + 1 Socketed Weapon ->  Socketed Magic Weapon	socket	1	0	4	"""usetype,mag"""	blizzhackers/d2data	cubemain.json	"{""mod 1"": ""sock"", ""mod 1 max"": 2, ""mod 1 min"": 1}"	{}
cube::16	16	3 Flawless Gems + 1 Magic Weapon -> Socketed Magic Weapon	socket	1	0	4	"""usetype,mag"""	blizzhackers/d2data	cubemain.json	"{""mod 1"": ""sock"", ""mod 1 max"": 2, ""mod 1 min"": 1}"	{}
cube::17	17	1 Magic Shield + 1 Spiked Club + 2 Skulls (Any) -> Magic Shield of Spikes	other	1	0	4	"""usetype,mag,suf=162"""	blizzhackers/d2data	cubemain.json	{}	{}
cube::18	18	4 Healing Potions (Any) + 1 Standard Ruby + 1 Magic Sword -> Sword of the Leech	other	1	0	6	"""usetype,mag,suf=352"""	blizzhackers/d2data	cubemain.json	{}	{}
cube::19	19	1 Diamond (Any) + 1 Kris + 1 Staff + 1 Belt -> Savage Polearm	other	1	0	4	"""pole,mag,pre=191"""	blizzhackers/d2data	cubemain.json	{}	{}
cube::20	20	1 Strangling Gas Potion + 1 Healing Potion (Any) -> Antidote Potion	other	1	0	2	yps	blizzhackers/d2data	cubemain.json	{}	{}
cube::21	21	2 Arrows -> Bolts	other	1	0	2	cqv	blizzhackers/d2data	cubemain.json	{}	{}
cube::22	22	2 Bolts -> Arrows	other	1	0	2	aqv	blizzhackers/d2data	cubemain.json	{}	{}
cube::23	23	3 Chipped Amethysts -> Flawed Amethyst	other	1	0	3	gfv	blizzhackers/d2data	cubemain.json	{}	{}
cube::24	24	3 Flawed Amethysts -> Standard Amethyst	other	1	0	3	gsv	blizzhackers/d2data	cubemain.json	{}	{}
cube::25	25	3 Standard Amethysts -> Flawless Amethyst	other	1	0	3	gzv	blizzhackers/d2data	cubemain.json	{}	{}
cube::26	26	3 Flawless Amethysts -> Perfect Amethyst	other	1	0	3	gpv	blizzhackers/d2data	cubemain.json	{}	{}
cube::27	27	3 Chipped Rubies -> Flawed Ruby	other	1	0	3	gfr	blizzhackers/d2data	cubemain.json	{}	{}
cube::28	28	3 Flawed Rubies -> Standard Ruby	other	1	0	3	gsr	blizzhackers/d2data	cubemain.json	{}	{}
cube::29	29	3 Standard Rubies -> Flawless Ruby	other	1	0	3	glr	blizzhackers/d2data	cubemain.json	{}	{}
cube::30	30	3 Flawless Rubies -> Perfect Ruby	other	1	0	3	gpr	blizzhackers/d2data	cubemain.json	{}	{}
cube::31	31	3 Chipped Sapphires -> Flawed Sapphire	other	1	0	3	gfb	blizzhackers/d2data	cubemain.json	{}	{}
cube::32	32	3 Flawed Sapphires -> Standard Sapphire	other	1	0	3	gsb	blizzhackers/d2data	cubemain.json	{}	{}
cube::33	33	3 Standard Sapphires -> Flawless Sapphire	other	1	0	3	glb	blizzhackers/d2data	cubemain.json	{}	{}
cube::34	34	3 Flawless Sapphires -> Perfect Sapphire	other	1	0	3	gpb	blizzhackers/d2data	cubemain.json	{}	{}
cube::35	35	3 Chipped Topazes -> Flawed Topaz	other	1	0	3	gfy	blizzhackers/d2data	cubemain.json	{}	{}
cube::36	36	3 Flawed Topazes -> Standard Topaz	other	1	0	3	gsy	blizzhackers/d2data	cubemain.json	{}	{}
cube::37	37	3 Standard Topazes -> Flawless Topaz	other	1	0	3	gly	blizzhackers/d2data	cubemain.json	{}	{}
cube::38	38	3 Flawless Topazes -> Perfect Topaz	other	1	0	3	gpy	blizzhackers/d2data	cubemain.json	{}	{}
cube::39	39	3 Chipped Emeralds -> Flawed Emerald	other	1	0	3	gfg	blizzhackers/d2data	cubemain.json	{}	{}
cube::40	40	3 Flawed Emeralds -> Standard Emerald	other	1	0	3	gsg	blizzhackers/d2data	cubemain.json	{}	{}
cube::41	41	3 Standard Emeralds -> Flawless Emerald	other	1	0	3	glg	blizzhackers/d2data	cubemain.json	{}	{}
cube::42	42	3 Flawless Emeralds -> Perfect Emerald	other	1	0	3	gpg	blizzhackers/d2data	cubemain.json	{}	{}
cube::43	43	3 Chipped Diamonds -> Flawed Diamond	other	1	0	3	gfw	blizzhackers/d2data	cubemain.json	{}	{}
cube::44	44	3 Flawed Diamonds -> Standard Diamond	other	1	0	3	gsw	blizzhackers/d2data	cubemain.json	{}	{}
cube::45	45	3 Standard Diamonds -> Flawless Diamond	other	1	0	3	glw	blizzhackers/d2data	cubemain.json	{}	{}
cube::46	46	3 Flawless Diamonds -> Perfect Diamond	other	1	0	3	gpw	blizzhackers/d2data	cubemain.json	{}	{}
cube::47	47	3 Chipped Skulls -> Flawed Skull	other	1	0	3	skf	blizzhackers/d2data	cubemain.json	{}	{}
cube::48	48	3 Flawed Skulls -> Standard Skull	other	1	0	3	sku	blizzhackers/d2data	cubemain.json	{}	{}
cube::49	49	3 Standard Skulls -> Flawless Skull	other	1	0	3	skl	blizzhackers/d2data	cubemain.json	{}	{}
cube::50	50	3 Flawless Skulls -> Perfect Skull	other	1	0	3	skz	blizzhackers/d2data	cubemain.json	{}	{}
cube::51	51	3 El Runes -> Eld Rune	rune_upgrade	1	100	3	r02	blizzhackers/d2data	cubemain.json	{}	{}
cube::52	52	3 Eld Runes -> Tir Rune	rune_upgrade	1	100	3	r03	blizzhackers/d2data	cubemain.json	{}	{}
cube::53	53	3 Tir Runes -> Nef Rune	rune_upgrade	1	100	3	r04	blizzhackers/d2data	cubemain.json	{}	{}
cube::54	54	3 Nef Runes -> Eth Rune	rune_upgrade	1	100	3	r05	blizzhackers/d2data	cubemain.json	{}	{}
cube::55	55	3 Eth Runes -> Ith Rune	rune_upgrade	1	100	3	r06	blizzhackers/d2data	cubemain.json	{}	{}
cube::56	56	3 Ith Runes -> Tal Rune	rune_upgrade	1	100	3	r07	blizzhackers/d2data	cubemain.json	{}	{}
cube::57	57	3 Tal Runes -> Ral Rune	rune_upgrade	1	100	3	r08	blizzhackers/d2data	cubemain.json	{}	{}
cube::58	58	3 Ral Runes -> Ort Rune	rune_upgrade	1	100	3	r09	blizzhackers/d2data	cubemain.json	{}	{}
cube::59	59	3 Ort Runes -> Thul Rune	rune_upgrade	1	100	3	r10	blizzhackers/d2data	cubemain.json	{}	{}
cube::60	60	3 Perfect Gems (Any) + 1 Magic Item -> Re-rolled Magic Item	other	1	100	4	"""usetype,mag"""	blizzhackers/d2data	cubemain.json	{}	{}
cube::61	61	6 Perfect Skulls + 1 Rare Item -> 1 Low Quality Rare Item	other	1	0	7	"""usetype,rar"""	blizzhackers/d2data	cubemain.json	{}	{}
cube::62	62	1 Perfect Skull + 1 Rare Item + 1 Stone of Jordan -> 1 High Quality Rare Item	other	1	0	3	"""usetype,rar"""	blizzhackers/d2data	cubemain.json	{}	{}
cube::63	63	3 Perfect Skull + 1 Rare Item + 1 Stone of Jordan -> Add 1 Socket to Rare Item	socket	1	0	5	"""useitem,sock=1"""	blizzhackers/d2data	cubemain.json	{}	{}
cube::64	64	1 Magic Full Helm + 1 Jewel + 1 Ith Rune + 1 Perfect Sapphire -> Hit Power Helm	rune_upgrade	1	100	4	"""usetype,crf"""	blizzhackers/d2data	cubemain.json	"{""mod 1"": ""gethit-skill"", ""mod 1 max"": 4, ""mod 1 min"": 5, ""mod 1 param"": 44, ""mod 2"": ""thorns"", ""mod 2 max"": 7, ""mod 2 min"": 3, ""mod 3"": ""ac-miss"", ""mod 3 max"": 50, ""mod 3 min"": 25}"	{}
cube::65	65	1 Magic Chain Boots + 1 Jewel + 1 Ral Rune + 1 Perfect Sapphire -> Hit Power Boots	rune_upgrade	1	100	4	"""usetype,crf"""	blizzhackers/d2data	cubemain.json	"{""mod 1"": ""gethit-skill"", ""mod 1 max"": 4, ""mod 1 min"": 5, ""mod 1 param"": 44, ""mod 2"": ""thorns"", ""mod 2 max"": 7, ""mod 2 min"": 3, ""mod 3"": ""ac-hth"", ""mod 3 max"": 60, ""mod 3 min"": 25}"	{}
cube::66	66	1 Magic Chain Gloves + 1 Jewel + 1 Ort Rune + 1 Perfect Sapphire -> Hit Power Gloves	rune_upgrade	1	100	4	"""usetype,crf"""	blizzhackers/d2data	cubemain.json	"{""mod 1"": ""gethit-skill"", ""mod 1 max"": 4, ""mod 1 min"": 5, ""mod 1 param"": 44, ""mod 2"": ""thorns"", ""mod 2 max"": 7, ""mod 2 min"": 3, ""mod 3"": ""knock"", ""mod 3 max"": 1, ""mod 3 min"": 1}"	{}
cube::67	67	1 Magic Heavy Belt + 1 Jewel + 1 Tal Rune + 1 Perfect Sapphire -> Hit Power Belt	rune_upgrade	1	100	4	"""usetype,crf"""	blizzhackers/d2data	cubemain.json	"{""mod 1"": ""gethit-skill"", ""mod 1 max"": 4, ""mod 1 min"": 5, ""mod 1 param"": 44, ""mod 2"": ""thorns"", ""mod 2 max"": 7, ""mod 2 min"": 3, ""mod 3"": ""dmg-to-mana"", ""mod 3 max"": 10, ""mod 3 min"": 5}"	{}
cube::68	68	1 Magic Gothic Shield + 1 Jewel + 1 Eth Rune + 1 Perfect Sapphire -> Hit Power Shield	rune_upgrade	1	100	4	"""usetype,crf"""	blizzhackers/d2data	cubemain.json	"{""mod 1"": ""gethit-skill"", ""mod 1 max"": 4, ""mod 1 min"": 5, ""mod 1 param"": 44, ""mod 2"": ""thorns"", ""mod 2 max"": 10, ""mod 2 min"": 3, ""mod 3"": ""block"", ""mod 3 max"": 10, ""mod 3 min"": 5}"	{}
cube::69	69	1 Magic Field Plate + 1 Jewel + 1 Nef Rune + 1 Perfect Sapphire -> Hit Power Body	rune_upgrade	1	100	4	"""usetype,crf"""	blizzhackers/d2data	cubemain.json	"{""mod 1"": ""gethit-skill"", ""mod 1 max"": 4, ""mod 1 min"": 5, ""mod 1 param"": 44, ""mod 2"": ""thorns"", ""mod 2 max"": 10, ""mod 2 min"": 3, ""mod 3"": ""balance1"", ""mod 3 max"": 20, ""mod 3 min"": 10}"	{}
cube::70	70	1 Magic Amulet + 1 Jewel + Thul Rune + 1 Perfect Sapphire -> Hit Power Amulet	rune_upgrade	1	100	4	"""usetype,crf"""	blizzhackers/d2data	cubemain.json	"{""mod 1"": ""gethit-skill"", ""mod 1 max"": 4, ""mod 1 min"": 5, ""mod 1 param"": 44, ""mod 2"": ""thorns"", ""mod 2 max"": 10, ""mod 2 min"": 3, ""mod 3"": ""howl"", ""mod 3 max"": 15, ""mod 3 min"": 5}"	{}
cube::71	71	1 Magic Ring + 1 Jewel + 1 Amn Rune + 1 Perfect Sapphire -> Hit Power Ring	rune_upgrade	1	100	4	"""usetype,crf"""	blizzhackers/d2data	cubemain.json	"{""mod 1"": ""gethit-skill"", ""mod 1 max"": 4, ""mod 1 min"": 5, ""mod 1 param"": 44, ""mod 2"": ""thorns"", ""mod 2 max"": 6, ""mod 2 min"": 3, ""mod 3"": ""dex"", ""mod 3 max"": 5, ""mod 3 min"": 1}"	{}
cube::72	72	1 Magic Blunt Weapon + 1 Jewel + 1 Tir Rune + 1 Perfect Sapphire -> Hit Power Weapon	rune_upgrade	1	100	4	"""usetype,crf"""	blizzhackers/d2data	cubemain.json	"{""mod 1"": ""gethit-skill"", ""mod 1 max"": 4, ""mod 1 min"": 5, ""mod 1 param"": 44, ""mod 2"": ""thorns"", ""mod 2 max"": 7, ""mod 2 min"": 3, ""mod 3"": ""dmg%"", ""mod 3 max"": 60, ""mod 3 min"": 35}"	{}
cube::73	73	1 Magic Helm + 1 Jewel + 1 Ral Rune + 1 Perfect Ruby -> Blood Helm	rune_upgrade	1	100	4	"""usetype,crf"""	blizzhackers/d2data	cubemain.json	"{""mod 1"": ""lifesteal"", ""mod 1 max"": 3, ""mod 1 min"": 1, ""mod 2"": ""hp"", ""mod 2 max"": 20, ""mod 2 min"": 10, ""mod 3"": ""deadly"", ""mod 3 max"": 10, ""mod 3 min"": 5}"	{}
cube::74	74	1 Magic Light Plated Boots + 1 Jewel + 1 Eth Rune + 1 Perfect Ruby -> Blood Boots	rune_upgrade	1	100	4	"""usetype,crf"""	blizzhackers/d2data	cubemain.json	"{""mod 1"": ""lifesteal"", ""mod 1 max"": 3, ""mod 1 min"": 1, ""mod 2"": ""hp"", ""mod 2 max"": 20, ""mod 2 min"": 10, ""mod 3"": ""regen"", ""mod 3 max"": 10, ""mod 3 min"": 5}"	{}
cube::75	75	1 Magic Heavy Gloves + 1 Jewel + 1 Nef Rune + 1 Perfect Ruby -> Blood Gloves	rune_upgrade	1	100	4	"""usetype,crf"""	blizzhackers/d2data	cubemain.json	"{""mod 1"": ""lifesteal"", ""mod 1 max"": 3, ""mod 1 min"": 1, ""mod 2"": ""hp"", ""mod 2 max"": 20, ""mod 2 min"": 10, ""mod 3"": ""crush"", ""mod 3 max"": 10, ""mod 3 min"": 5}"	{}
cube::76	76	1 Magic Belt + 1 Jewel + 1 Tal Rune + 1 Perfect Ruby -> Blood Belt	rune_upgrade	1	100	4	"""usetype,crf"""	blizzhackers/d2data	cubemain.json	"{""mod 1"": ""lifesteal"", ""mod 1 max"": 3, ""mod 1 min"": 1, ""mod 2"": ""hp"", ""mod 2 max"": 20, ""mod 2 min"": 10, ""mod 3"": ""openwounds"", ""mod 3 max"": 10, ""mod 3 min"": 5}"	{}
cube::77	77	1 Magic Spiked Shield + 1 Jewel + 1 Ith Rune + 1 Perfect Ruby -> Blood Shield	rune_upgrade	1	100	4	"""usetype,crf"""	blizzhackers/d2data	cubemain.json	"{""mod 1"": ""lifesteal"", ""mod 1 max"": 3, ""mod 1 min"": 1, ""mod 2"": ""hp"", ""mod 2 max"": 20, ""mod 2 min"": 10, ""mod 3"": ""thorns"", ""mod 3 max"": 7, ""mod 3 min"": 4}"	{}
cube::78	78	1 Magic Plate Mail + 1 Jewel + 1 Thul Rune + 1 Perfect Ruby -> Blood Body	rune_upgrade	1	100	4	"""usetype,crf"""	blizzhackers/d2data	cubemain.json	"{""mod 1"": ""lifesteal"", ""mod 1 max"": 3, ""mod 1 min"": 1, ""mod 2"": ""hp"", ""mod 2 max"": 20, ""mod 2 min"": 10, ""mod 3"": ""demon-heal"", ""mod 3 max"": 3, ""mod 3 min"": 1}"	{}
cube::79	79	1 Magic Amulet + 1 Jewel + 1 Amn Rune + 1 Perfect Ruby -> Blood Amulet	rune_upgrade	1	100	4	"""usetype,crf"""	blizzhackers/d2data	cubemain.json	"{""mod 1"": ""lifesteal"", ""mod 1 max"": 4, ""mod 1 min"": 1, ""mod 2"": ""hp"", ""mod 2 max"": 20, ""mod 2 min"": 10, ""mod 3"": ""move1"", ""mod 3 max"": 10, ""mod 3 min"": 5}"	{}
cube::80	80	1 Magic Ring + 1 Jewel + 1 Sol Rune + 1 Perfect Ruby -> Blood Ring	rune_upgrade	1	100	4	"""usetype,crf"""	blizzhackers/d2data	cubemain.json	"{""mod 1"": ""lifesteal"", ""mod 1 max"": 3, ""mod 1 min"": 1, ""mod 2"": ""hp"", ""mod 2 max"": 20, ""mod 2 min"": 10, ""mod 3"": ""str"", ""mod 3 max"": 5, ""mod 3 min"": 1}"	{}
cube::81	81	1 Magic Axe + 1 Jewel + Ort Rune + 1 Perfect Ruby -> Blood Weapon	rune_upgrade	1	100	4	"""usetype,crf"""	blizzhackers/d2data	cubemain.json	"{""mod 1"": ""lifesteal"", ""mod 1 max"": 4, ""mod 1 min"": 1, ""mod 2"": ""hp"", ""mod 2 max"": 20, ""mod 2 min"": 10, ""mod 3"": ""dmg%"", ""mod 3 max"": 60, ""mod 3 min"": 35}"	{}
cube::82	82	1 Magic Mask + 1 Jewel + Nef Rune + 1 Perfect Amethyst -> Caster Helm	rune_upgrade	1	100	4	"""usetype,crf"""	blizzhackers/d2data	cubemain.json	"{""mod 1"": ""regen-mana"", ""mod 1 max"": 10, ""mod 1 min"": 4, ""mod 2"": ""mana"", ""mod 2 max"": 20, ""mod 2 min"": 10, ""mod 3"": ""manasteal"", ""mod 3 max"": 4, ""mod 3 min"": 1}"	{}
cube::83	83	1 Magic Boots + 1 Jewel + Thul Rune + 1 Perfect Amethyst -> Caster Boots	rune_upgrade	1	100	4	"""usetype,crf"""	blizzhackers/d2data	cubemain.json	"{""mod 1"": ""regen-mana"", ""mod 1 max"": 10, ""mod 1 min"": 4, ""mod 2"": ""mana"", ""mod 2 max"": 20, ""mod 2 min"": 10, ""mod 3"": ""mana%"", ""mod 3 max"": 5, ""mod 3 min"": 2}"	{}
cube::84	84	1 Magic Leather Gloves + 1 Jewel + Ort Rune + 1 Perfect Amethyst -> Caster Gloves	rune_upgrade	1	100	4	"""usetype,crf"""	blizzhackers/d2data	cubemain.json	"{""mod 1"": ""regen-mana"", ""mod 1 max"": 10, ""mod 1 min"": 4, ""mod 2"": ""mana"", ""mod 2 max"": 20, ""mod 2 min"": 10, ""mod 3"": ""mana-kill"", ""mod 3 max"": 3, ""mod 3 min"": 1}"	{}
cube::85	85	1 Magic Light Belt + 1 Jewel + Ith Rune + 1 Perfect Amethyst -> Caster Belt	rune_upgrade	1	100	4	"""usetype,crf"""	blizzhackers/d2data	cubemain.json	"{""mod 1"": ""regen-mana"", ""mod 1 max"": 10, ""mod 1 min"": 4, ""mod 2"": ""mana"", ""mod 2 max"": 20, ""mod 2 min"": 10, ""mod 3"": ""cast1"", ""mod 3 max"": 10, ""mod 3 min"": 5}"	{}
cube::86	86	1 Magic Small Shield + 1 Jewel + 1 Eth Rune + 1 Perfect Amethyst -> Caster Shield	rune_upgrade	1	100	4	"""usetype,crf"""	blizzhackers/d2data	cubemain.json	"{""mod 1"": ""regen-mana"", ""mod 1 max"": 10, ""mod 1 min"": 4, ""mod 2"": ""mana"", ""mod 2 max"": 20, ""mod 2 min"": 10, ""mod 3"": ""block"", ""mod 3 max"": 10, ""mod 3 min"": 5}"	{}
cube::87	87	1 Magic Light Plate + 1 Jewel + 1 Tal Rune + 1 Perfect Amethyst -> Caster Body	rune_upgrade	1	100	4	"""usetype,crf"""	blizzhackers/d2data	cubemain.json	"{""mod 1"": ""regen-mana"", ""mod 1 max"": 10, ""mod 1 min"": 4, ""mod 2"": ""mana"", ""mod 2 max"": 20, ""mod 2 min"": 10, ""mod 3"": ""mana-kill"", ""mod 3 max"": 3, ""mod 3 min"": 1}"	{}
cube::88	88	1 Magic Amulet + 1 Jewel + 1 Ral Rune + 1 Perfect Amethyst -> Caster Amulet	rune_upgrade	1	100	4	"""usetype,crf"""	blizzhackers/d2data	cubemain.json	"{""mod 1"": ""regen-mana"", ""mod 1 max"": 10, ""mod 1 min"": 4, ""mod 2"": ""mana"", ""mod 2 max"": 20, ""mod 2 min"": 10, ""mod 3"": ""cast1"", ""mod 3 max"": 10, ""mod 3 min"": 5}"	{}
cube::89	89	1 Magic Ring + 1 Jewel + 1 Amn Rune + 1 Perfect Amethyst -> Caster Ring	rune_upgrade	1	100	4	"""usetype,crf"""	blizzhackers/d2data	cubemain.json	"{""mod 1"": ""regen-mana"", ""mod 1 max"": 10, ""mod 1 min"": 4, ""mod 2"": ""mana"", ""mod 2 max"": 20, ""mod 2 min"": 10, ""mod 3"": ""enr"", ""mod 3 max"": 5, ""mod 3 min"": 1}"	{}
cube::90	90	1 Magic Rod + 1 Jewel + 1 Tir Rune + 1 Perfect Amethyst -> Caster Weapon	rune_upgrade	1	100	4	"""usetype,crf"""	blizzhackers/d2data	cubemain.json	"{""mod 1"": ""regen-mana"", ""mod 1 max"": 10, ""mod 1 min"": 4, ""mod 2"": ""mana"", ""mod 2 max"": 20, ""mod 2 min"": 10, ""mod 3"": ""mana%"", ""mod 3 max"": 5, ""mod 3 min"": 1}"	{}
cube::91	91	1 Magic Crown + 1 Jewel + 1 Ith Rune + 1 Perfect Emerald -> Safety Helm	rune_upgrade	1	100	4	"""usetype,crf"""	blizzhackers/d2data	cubemain.json	"{""mod 1"": ""red-dmg"", ""mod 1 max"": 4, ""mod 1 min"": 1, ""mod 2"": ""red-mag"", ""mod 2 max"": 2, ""mod 2 min"": 1, ""mod 3"": ""res-ltng"", ""mod 3 max"": 10, ""mod 3 min"": 5, ""mod 4"": ""ac%"", ""mod 4 max"": 30, ""mod 4 min"": 10}"	{}
cube::92	92	1 Magic Plated Boots + 1 Jewel + 1 Ort Rune + 1 Perfect Emerald -> Safety Boots	rune_upgrade	1	100	4	"""usetype,crf"""	blizzhackers/d2data	cubemain.json	"{""mod 1"": ""red-dmg"", ""mod 1 max"": 4, ""mod 1 min"": 1, ""mod 2"": ""red-mag"", ""mod 2 max"": 2, ""mod 2 min"": 1, ""mod 3"": ""res-fire"", ""mod 3 max"": 10, ""mod 3 min"": 5, ""mod 4"": ""ac%"", ""mod 4 max"": 30, ""mod 4 min"": 10}"	{}
cube::93	93	1 Magic Gauntlets + 1 Jewel + 1 Ral Rune + 1 Perfect Emerald -> Safety Gloves	rune_upgrade	1	100	4	"""usetype,crf"""	blizzhackers/d2data	cubemain.json	"{""mod 1"": ""red-dmg"", ""mod 1 max"": 4, ""mod 1 min"": 1, ""mod 2"": ""red-mag"", ""mod 2 max"": 2, ""mod 2 min"": 1, ""mod 3"": ""res-cold"", ""mod 3 max"": 10, ""mod 3 min"": 5, ""mod 4"": ""ac%"", ""mod 4 max"": 30, ""mod 4 min"": 10}"	{}
cube::94	94	1 Magic Sash + 1 Jewel + 1 Tal Rune + 1 Perfect Emerald -> Safety Belt	rune_upgrade	1	100	4	"""usetype,crf"""	blizzhackers/d2data	cubemain.json	"{""mod 1"": ""red-dmg"", ""mod 1 max"": 4, ""mod 1 min"": 1, ""mod 2"": ""red-mag"", ""mod 2 max"": 2, ""mod 2 min"": 1, ""mod 3"": ""res-pois"", ""mod 3 max"": 10, ""mod 3 min"": 5, ""mod 4"": ""ac%"", ""mod 4 max"": 30, ""mod 4 min"": 10}"	{}
cube::95	95	1 Magic Kite Shield + 1 Jewel + 1 Nef Rune + 1 Perfect Emerald -> Safety Shield	rune_upgrade	1	100	4	"""usetype,crf"""	blizzhackers/d2data	cubemain.json	"{""mod 1"": ""red-dmg"", ""mod 1 max"": 4, ""mod 1 min"": 1, ""mod 2"": ""red-mag"", ""mod 2 max"": 2, ""mod 2 min"": 1, ""mod 3"": ""res-mag"", ""mod 3 max"": 10, ""mod 3 min"": 5, ""mod 4"": ""ac%"", ""mod 4 max"": 30, ""mod 4 min"": 10}"	{}
cube::96	96	1 Magic Breast Plate + 1 Jewel + 1 Eth Rune + 1 Perfect Emerald -> Safety Body	rune_upgrade	1	100	4	"""usetype,crf"""	blizzhackers/d2data	cubemain.json	"{""mod 1"": ""red-dmg"", ""mod 1 max"": 4, ""mod 1 min"": 1, ""mod 2"": ""red-mag"", ""mod 2 max"": 2, ""mod 2 min"": 1, ""mod 3"": ""half-freeze"", ""mod 3 max"": 1, ""mod 3 min"": 1, ""mod 4"": ""ac%"", ""mod 4 max"": 30, ""mod 4 min"": 10}"	{}
cube::97	97	1 Magic Amulet + 1 Jewel + 1 Thul Rune + 1 Perfect Emerald -> Safety Amulet	rune_upgrade	1	100	4	"""usetype,crf"""	blizzhackers/d2data	cubemain.json	"{""mod 1"": ""red-dmg"", ""mod 1 max"": 4, ""mod 1 min"": 1, ""mod 2"": ""red-mag"", ""mod 2 max"": 2, ""mod 2 min"": 1, ""mod 3"": ""block"", ""mod 3 max"": 10, ""mod 3 min"": 1}"	{}
cube::98	98	1 Magic Ring + 1 Jewel + 1 Amn Rune + 1 Perfect Emerald -> Safety Ring	rune_upgrade	1	100	4	"""usetype,crf"""	blizzhackers/d2data	cubemain.json	"{""mod 1"": ""red-dmg"", ""mod 1 max"": 4, ""mod 1 min"": 1, ""mod 2"": ""red-mag"", ""mod 2 max"": 2, ""mod 2 min"": 1, ""mod 3"": ""vit"", ""mod 3 max"": 5, ""mod 3 min"": 1}"	{}
cube::99	99	1 Magic Spear + 1 Jewel + 1 Sol Rune + 1 Perfect Emerald -> Safety Weapon	rune_upgrade	1	100	4	"""usetype,crf"""	blizzhackers/d2data	cubemain.json	"{""mod 1"": ""red-dmg"", ""mod 1 max"": 4, ""mod 1 min"": 1, ""mod 2"": ""red-mag"", ""mod 2 max"": 2, ""mod 2 min"": 1, ""mod 3"": ""ac%"", ""mod 3 max"": 10, ""mod 3 min"": 5}"	{}
cube::100	100	3 Thul Runes + 1 Chipped Topaz -> Amn Rune	rune_upgrade	1	100	4	r11	blizzhackers/d2data	cubemain.json	{}	{}
cube::101	101	3 Amn Runes + 1 Chipped Amethyst -> Sol Rune	rune_upgrade	1	100	4	r12	blizzhackers/d2data	cubemain.json	{}	{}
cube::102	102	3 Sol Runes + 1 Chipped Sapphire -> Shael Rune	rune_upgrade	1	100	4	r13	blizzhackers/d2data	cubemain.json	{}	{}
cube::103	103	3 Shael Runes + 1 Chipped Ruby -> Dol Rune	rune_upgrade	1	100	4	r14	blizzhackers/d2data	cubemain.json	{}	{}
cube::104	104	3 Dol Runes + 1 Chipped Emerald -> Hel Rune	rune_upgrade	1	100	4	r15	blizzhackers/d2data	cubemain.json	{}	{}
cube::105	105	3 Hel Runes + 1 Chipped Diamond -> Io Rune	rune_upgrade	1	100	4	r16	blizzhackers/d2data	cubemain.json	{}	{}
cube::106	106	3 Io Runes + 1 Flawed Topaz -> Lum Rune	rune_upgrade	1	100	4	r17	blizzhackers/d2data	cubemain.json	{}	{}
cube::107	107	3 Lum Runes + 1 Flawed Amethyst -> Ko Rune	rune_upgrade	1	100	4	r18	blizzhackers/d2data	cubemain.json	{}	{}
cube::108	108	3 Ko Runes + 1 Flawed Sapphire -> Fal Rune	rune_upgrade	1	100	4	r19	blizzhackers/d2data	cubemain.json	{}	{}
cube::109	109	3 Fal Runes + 1 Flawed Ruby -> Lem Rune	rune_upgrade	1	100	4	r20	blizzhackers/d2data	cubemain.json	{}	{}
cube::110	110	3 Lem Runes + 1 Flawed Emerald -> Pul Rune	rune_upgrade	1	100	4	r21	blizzhackers/d2data	cubemain.json	{}	{}
cube::111	111	2 Pul Runes + 1 Flawed Diamond -> Um Rune	rune_upgrade	1	100	3	r22	blizzhackers/d2data	cubemain.json	{}	{}
cube::112	112	2 Um Runes + 1 Standard Topaz -> Mal Rune	rune_upgrade	1	100	3	r23	blizzhackers/d2data	cubemain.json	{}	{}
cube::113	113	2 Mal Runes + 1 Standard Amethyst -> Ist Rune	rune_upgrade	1	100	3	r24	blizzhackers/d2data	cubemain.json	{}	{}
cube::114	114	2 Ist Runes + 1 Standard Sapphire -> Gul Rune	rune_upgrade	1	100	3	r25	blizzhackers/d2data	cubemain.json	{}	{}
cube::115	115	2 Gul Runes + 1 Standard Ruby -> Vex Rune	rune_upgrade	1	100	3	r26	blizzhackers/d2data	cubemain.json	{}	{}
cube::116	116	2 Vex Runes + 1 Standard Emerald -> Ohm Rune	rune_upgrade	1	100	3	r27	blizzhackers/d2data	cubemain.json	{}	{}
cube::117	117	2 Ohm Runes + 1 Standard Diamond -> Lo Rune	rune_upgrade	1	100	3	r28	blizzhackers/d2data	cubemain.json	{}	{}
cube::118	118	2 Lo Runes + 1 Flawless Topaz -> Sur Rune	rune_upgrade	1	100	3	r29	blizzhackers/d2data	cubemain.json	{}	{}
cube::119	119	2 Sur Runes + 1 Flawless Amethyst -> Ber Rune	rune_upgrade	1	100	3	r30	blizzhackers/d2data	cubemain.json	{}	{}
cube::120	120	2 Ber Runes + 1 Flawless Sapphire -> Jah Rune	rune_upgrade	1	100	3	r31	blizzhackers/d2data	cubemain.json	{}	{}
cube::121	121	2 Jah Runes + 1 Flawless Ruby -> Cham Rune	rune_upgrade	1	100	3	r32	blizzhackers/d2data	cubemain.json	{}	{}
cube::122	122	2 Cham Runes + 1 Flawless Emerald -> Zod Rune	rune_upgrade	1	100	3	r33	blizzhackers/d2data	cubemain.json	{}	{}
cube::123	123	1 Tal Rune + 1 Thul Rune + 1 Perfect Topaz + 1 Normal Torso Armor -> Socketed Torso Armor	socket	1	100	4	useitem	blizzhackers/d2data	cubemain.json	"{""mod 1"": ""sock"", ""mod 1 max"": 6, ""mod 1 min"": 1}"	{}
cube::124	124	1 Ral Rune + 1 Amn Rune + 1 Perfect Amethyst + 1 Normal Weapon -> Socketed Weapon	socket	1	100	4	useitem	blizzhackers/d2data	cubemain.json	"{""mod 1"": ""sock"", ""mod 1 max"": 6, ""mod 1 min"": 1}"	{}
cube::125	125	1 Ral Rune + 1 Thul Rune + 1 Perfect Sapphire + 1 Normal Helm -> Socketed Helm	socket	1	100	4	useitem	blizzhackers/d2data	cubemain.json	"{""mod 1"": ""sock"", ""mod 1 max"": 6, ""mod 1 min"": 1}"	{}
cube::126	126	1 Tal Rune + 1 Amn Rune + 1 Perfect Ruby + 1 Normal Shield -> Socketed Shield	socket	1	100	4	useitem	blizzhackers/d2data	cubemain.json	"{""mod 1"": ""sock"", ""mod 1 max"": 6, ""mod 1 min"": 1}"	{}
cube::127	127	1 Eld Rune + 1 Chipped Gem (Any) + 1 Low Quality Weapon -> Normal Weapon	rune_upgrade	1	100	3	"""usetype,nor"""	blizzhackers/d2data	cubemain.json	{}	{}
cube::128	128	1 El Rune + 1 Chipped Gem (Any) + 1 Low Quality Armor -> Normal Armor	rune_upgrade	1	100	3	"""usetype,nor"""	blizzhackers/d2data	cubemain.json	{}	{}
cube::129	129	1 Ral Rune + 1 Sol Rune + 1 Perfect Emerald + 1 Normal Unique Weapon -> Exceptional Unique Weapon	rune_upgrade	1	100	4	"""useitem,mod,exc"""	blizzhackers/d2data	cubemain.json	"{""mod 1"": ""levelreq"", ""mod 1 max"": 5, ""mod 1 min"": 5}"	{}
cube::130	130	1 Tal Rune + 1 Shael Rune + 1 Perfect Diamond + 1 Normal Unique Armor -> Exceptional Unique Armor	rune_upgrade	1	100	4	"""useitem,mod,exc"""	blizzhackers/d2data	cubemain.json	"{""mod 1"": ""levelreq"", ""mod 1 max"": 5, ""mod 1 min"": 5}"	{}
cube::131	131	1 Lum Rune + 1 Pul Rune + 1 Perfect Emerald + 1 Exceptional Unique Weapon -> Elite Unique Weapon	rune_upgrade	1	100	4	"""useitem,mod,eli"""	blizzhackers/d2data	cubemain.json	"{""mod 1"": ""levelreq"", ""mod 1 max"": 7, ""mod 1 min"": 7}"	{}
cube::132	132	1 Ko Rune + 1 Lem Rune + 1 Perfect Diamond + 1 Exceptional Unique Armor -> Elite Unique Armor	rune_upgrade	1	100	4	"""useitem,mod,eli"""	blizzhackers/d2data	cubemain.json	"{""mod 1"": ""levelreq"", ""mod 1 max"": 7, ""mod 1 min"": 7}"	{}
cube::133	133	1 Ort Rune + 1 Amn Rune + 1 Perfect Sapphire + 1 Normal Rare Weapon -> Exceptional Rare Weapon	rune_upgrade	1	100	4	"""useitem,mod,exc"""	blizzhackers/d2data	cubemain.json	"{""mod 1"": ""levelreq"", ""mod 1 max"": 5, ""mod 1 min"": 5}"	{}
cube::134	134	1 Ral Rune + 1 Thul Rune + 1 Perfect Amethyst + 1 Normal Rare Armor -> Exceptional Rare Armor	rune_upgrade	1	100	4	"""useitem,mod,exc"""	blizzhackers/d2data	cubemain.json	"{""mod 1"": ""levelreq"", ""mod 1 max"": 5, ""mod 1 min"": 5}"	{}
cube::135	135	1 Fal Rune + 1 Um Rune + 1 Perfect Sapphire + 1 Exceptional Rare Weapon -> Elite Rare Weapon	rune_upgrade	1	100	4	"""useitem,mod,eli"""	blizzhackers/d2data	cubemain.json	"{""mod 1"": ""levelreq"", ""mod 1 max"": 7, ""mod 1 min"": 7}"	{}
cube::136	136	1 Ko Rune + 1 Pul Rune + 1 Perfect Amethyst + 1 Exceptional Rare Armor -> Elite Rare Armor	rune_upgrade	1	100	4	"""useitem,mod,eli"""	blizzhackers/d2data	cubemain.json	"{""mod 1"": ""levelreq"", ""mod 1 max"": 7, ""mod 1 min"": 7}"	{}
cube::137	137	1 Ort Rune + 1 Weapon -> Fully Repaired Weapon	repair	1	100	2	"""useitem,rep,qty=255"""	blizzhackers/d2data	cubemain.json	{}	{}
cube::138	138	1 Ral Rune + 1 Armor -> Fully Repaired Armor	repair	1	100	2	"""useitem,rep,qty=255"""	blizzhackers/d2data	cubemain.json	{}	{}
cube::139	139	1 Ort Rune + 1 Chipped Gem (Any) + 1 Weapon -> Fully Repaired and Recharged Weapon	repair	1	100	3	"""useitem,rep,rch,qty=255"""	blizzhackers/d2data	cubemain.json	{}	{}
cube::140	140	1 Ral Rune + 1 Flawed Gem (Any) + 1 Armor -> Fully Repaired and Recharged Armor	repair	1	100	3	"""useitem,rep,rch,qty=255"""	blizzhackers/d2data	cubemain.json	{}	{}
cube::141	141	1 Hel Rune + Scroll of Town Portal + 1 Socketed Item -> Clear Sockets on Item	socket	1	100	3	"""useitem,uns"""	blizzhackers/d2data	cubemain.json	{}	{}
cube::142	142	1 Ral Rune + 1 Jewel + 1 Superior Armor -> Tempered Armor	rune_upgrade	\N	100	3	"""useitem,tmp"""	blizzhackers/d2data	cubemain.json	{}	{}
cube::143	143	1 Ral Rune + 1 Jewel + 1 Superior Weapon -> Tempered Weapon	rune_upgrade	\N	100	3	"""useitem,tmp"""	blizzhackers/d2data	cubemain.json	{}	{}
cube::144	144	1 Ral Rune + 1 Jewel + Magic Ring -> Tempered Ring	rune_upgrade	\N	100	3	"""usetype,tmp"""	blizzhackers/d2data	cubemain.json	"{""mod 1"": ""levelreq"", ""mod 1 max"": 3, ""mod 1 min"": 3}"	{}
cube::145	145	1 Ral Rune + 1 Jewel + 1 Magic Amulet -> Tempered Amulet	rune_upgrade	\N	100	3	"""usetype,tmp"""	blizzhackers/d2data	cubemain.json	"{""mod 1"": ""levelreq"", ""mod 1 max"": 5, ""mod 1 min"": 5}"	{}
cube::146	146	1 El Rune + 1 Chipped Gem (Any) + 1 Tempered Weapon -> Weapon With Extra Attack Rating	rune_upgrade	\N	100	3	useitem	blizzhackers/d2data	cubemain.json	"{""mod 1"": ""levelreq"", ""mod 1 max"": 2, ""mod 1 min"": 2, ""mod 2"": ""att"", ""mod 2 max"": 50, ""mod 2 min"": 30}"	{}
cube::147	147	3 Chipped Gems (Any) + 1 Magic Weapon -> Socketed Magic Weapon	socket	1	0	4	"""usetype,mag"""	blizzhackers/d2data	cubemain.json	"{""mod 1"": ""sock"", ""mod 1 max"": 2, ""mod 1 min"": 1}"	{}
cube::148	148	1 Key of Terror + 1 Key of Hate + 1 Key of Destruction -> Portal to Matron's Den/Forgotten Sands/Furnace of Pain (Random)	reroll_or_transform	1	100	3	Pandemonium Portal	blizzhackers/d2data	cubemain.json	{}	{}
cube::149	149	1 Diablo's Horn + 1 Baal's Eye + 1 Mephisto's Brain -> Portal to Tristram (Pandemonium Finale)	other	1	100	3	Pandemonium Finale Portal	blizzhackers/d2data	cubemain.json	{}	{}
cube::150	150	1 Twisted Essence of Suffering + 1 Charged Essence of Hatred + 1 Burning Essence of Terror + 1 Festering Essence of Destruction -> Token of Absolution	other	1	100	4	toa	blizzhackers/d2data	cubemain.json	{}	{}
cube::151	151	1 Ral Rune + 1 Sol Rune + 1 Perfect Emerald + 1 Normal Set Weapon -> Exceptional Set Weapon	rune_upgrade	1	100	4	"""useitem,mod,exc"""	blizzhackers/d2data	cubemain.json	"{""mod 1"": ""levelreq"", ""mod 1 max"": 5, ""mod 1 min"": 5}"	{}
cube::152	152	1 Tal Rune + 1 Shael Rune + 1 Perfect Diamond + 1 Normal Set Armor -> Exceptional Set Armor	rune_upgrade	1	100	4	"""useitem,mod,exc"""	blizzhackers/d2data	cubemain.json	"{""mod 1"": ""levelreq"", ""mod 1 max"": 5, ""mod 1 min"": 5}"	{}
cube::153	153	1 Lum Rune + 1 Pul Rune + 1 Perfect Emerald + 1 Exceptional Set Weapon -> Elite Set Weapon	rune_upgrade	1	100	4	"""useitem,mod,eli"""	blizzhackers/d2data	cubemain.json	"{""mod 1"": ""levelreq"", ""mod 1 max"": 7, ""mod 1 min"": 7}"	{}
cube::154	154	1 Ko Rune + 1 Lem Rune + 1 Perfect Diamond + 1 Exceptional Set Armor -> Elite Set Armor	rune_upgrade	1	100	4	"""useitem,mod,eli"""	blizzhackers/d2data	cubemain.json	"{""mod 1"": ""levelreq"", ""mod 1 max"": 7, ""mod 1 min"": 7}"	{}
cube::155	155	1 Ko Rune + 1 Perfect Emerald + 1 Western Worldstone Shard + 1 Magic Amulet -> Virulent Amulet	rune_upgrade	0	100	4	"""useitem,pre=674"""	blizzhackers/d2data	cubemain.json	"{""mod 1"": ""pierce-pois"", ""mod 1 max"": 3, ""mod 1 min"": 1}"	{}
cube::156	156	1 Ko Rune + 1 Perfect Emerald + 1 Western Worldstone Shard + 1 Magic Ring -> Virulent Ring	rune_upgrade	0	100	4	"""useitem,pre=673"""	blizzhackers/d2data	cubemain.json	"{""mod 1"": ""pierce-pois"", ""mod 1 max"": 2, ""mod 1 min"": 1}"	{}
cube::157	157	1 Ko Rune + 1 Perfect Emerald + 1 Western Worldstone Shard + 1 Magic Helm -> Virulent Helm	rune_upgrade	0	100	4	"""useitem,pre=674"""	blizzhackers/d2data	cubemain.json	"{""mod 1"": ""pierce-pois"", ""mod 1 max"": 3, ""mod 1 min"": 1}"	{}
cube::158	158	1 Ko Rune + 1 Perfect Emerald + 1 Western Worldstone Shard + 1 Magic Boots -> Virulent Boots	rune_upgrade	0	100	4	"""useitem,pre=674"""	blizzhackers/d2data	cubemain.json	"{""mod 1"": ""pierce-pois"", ""mod 1 max"": 3, ""mod 1 min"": 1}"	{}
cube::159	159	1 Ko Rune + 1 Perfect Emerald + 1 Western Worldstone Shard + 1 Magic Gloves -> Virulent Gloves	rune_upgrade	0	100	4	"""useitem,pre=674"""	blizzhackers/d2data	cubemain.json	"{""mod 1"": ""pierce-pois"", ""mod 1 max"": 3, ""mod 1 min"": 1}"	{}
cube::160	160	1 Ko Rune + 1 Perfect Emerald + 1 Western Worldstone Shard + 1 Magic Armor -> Virulent Armor	rune_upgrade	0	100	4	"""useitem,pre=676"""	blizzhackers/d2data	cubemain.json	"{""mod 1"": ""pierce-pois"", ""mod 1 max"": 8, ""mod 1 min"": 2}"	{}
cube::161	161	1 Ko Rune + 1 Perfect Emerald + 1 Western Worldstone Shard + 1 Magic Weapon -> Virulent Weapon	rune_upgrade	0	100	4	"""useitem,pre=675"""	blizzhackers/d2data	cubemain.json	"{""mod 1"": ""pierce-pois"", ""mod 1 max"": 4, ""mod 1 min"": 1}"	{}
cube::162	162	1 Ko Rune + 1 Perfect Emerald + 1 Western Worldstone Shard + 1 Magic Shield -> Virulent Shield	rune_upgrade	0	100	4	"""useitem,pre=675"""	blizzhackers/d2data	cubemain.json	"{""mod 1"": ""pierce-pois"", ""mod 1 max"": 4, ""mod 1 min"": 1}"	{}
cube::163	163	1 Ko Rune + 1 Perfect Emerald + 1 Western Worldstone Shard + 1 Small Charm -> Virulent Small Charm	rune_upgrade	0	100	4	"""useitem,pre=671"""	blizzhackers/d2data	cubemain.json	"{""mod 1"": ""pierce-pois"", ""mod 1 max"": 1, ""mod 1 min"": 1}"	{}
cube::164	164	1 Ko Rune + 1 Perfect Emerald + 1 Western Worldstone Shard + 1 Large Charm -> Virulent Large Charm	rune_upgrade	0	100	4	"""useitem,pre=673"""	blizzhackers/d2data	cubemain.json	"{""mod 1"": ""pierce-pois"", ""mod 1 max"": 2, ""mod 1 min"": 1}"	{}
cube::165	165	1 Ko Rune + 1 Perfect Emerald + 1 Uber Ancient Summon Material Act1 + 1 Rotting Fissure -> Virulent Rotting Fissure	rune_upgrade	1	100	4	Crafted Rotting Fissure	blizzhackers/d2data	cubemain.json	{}	{}
cube::166	166	1 Lum Rune + 1 Perfect Sapphire + 1 Eastern Worldstone Shard + 1 Magic Amulet -> Gelid Amulet	rune_upgrade	0	100	4	"""useitem,pre=684"""	blizzhackers/d2data	cubemain.json	"{""mod 1"": ""pierce-cold"", ""mod 1 max"": 3, ""mod 1 min"": 1}"	{}
cube::167	167	1 Lum Rune + 1 Perfect Sapphire + 1 Eastern Worldstone Shard + 1 Magic Ring -> Gelid Ring	rune_upgrade	0	100	4	"""useitem,pre=683"""	blizzhackers/d2data	cubemain.json	"{""mod 1"": ""pierce-cold"", ""mod 1 max"": 2, ""mod 1 min"": 1}"	{}
cube::168	168	1 Lum Rune + 1 Perfect Sapphire + 1 Eastern Worldstone Shard + 1 Magic Helm -> Gelid Helm	rune_upgrade	0	100	4	"""useitem,pre=684"""	blizzhackers/d2data	cubemain.json	"{""mod 1"": ""pierce-cold"", ""mod 1 max"": 3, ""mod 1 min"": 1}"	{}
cube::169	169	1 Lum Rune + 1 Perfect Sapphire + 1 Eastern Worldstone Shard + 1 Magic Boots -> Gelid Boots	rune_upgrade	0	100	4	"""useitem,pre=684"""	blizzhackers/d2data	cubemain.json	"{""mod 1"": ""pierce-cold"", ""mod 1 max"": 3, ""mod 1 min"": 1}"	{}
cube::170	170	1 Lum Rune + 1 Perfect Sapphire + 1 Eastern Worldstone Shard + 1 Magic Gloves -> Gelid Gloves	rune_upgrade	0	100	4	"""useitem,pre=684"""	blizzhackers/d2data	cubemain.json	"{""mod 1"": ""pierce-cold"", ""mod 1 max"": 3, ""mod 1 min"": 1}"	{}
cube::171	171	1 Lum Rune + 1 Perfect Sapphire + 1 Eastern Worldstone Shard + 1 Magic Armor -> Gelid Armor	rune_upgrade	0	100	4	"""useitem,pre=686"""	blizzhackers/d2data	cubemain.json	"{""mod 1"": ""pierce-cold"", ""mod 1 max"": 8, ""mod 1 min"": 2}"	{}
cube::172	172	1 Lum Rune + 1 Perfect Sapphire + 1 Eastern Worldstone Shard + 1 Magic Weapon -> Gelid Weapon	rune_upgrade	0	100	4	"""useitem,pre=685"""	blizzhackers/d2data	cubemain.json	"{""mod 1"": ""pierce-cold"", ""mod 1 max"": 4, ""mod 1 min"": 1}"	{}
cube::173	173	1 Lum Rune + 1 Perfect Sapphire + 1 Eastern Worldstone Shard + 1 Magic Shield -> Gelid Shield	rune_upgrade	0	100	4	"""useitem,pre=685"""	blizzhackers/d2data	cubemain.json	"{""mod 1"": ""pierce-cold"", ""mod 1 max"": 4, ""mod 1 min"": 1}"	{}
cube::174	174	1 Lum Rune + 1 Perfect Sapphire + 1 Eastern Worldstone Shard + 1 Small Charm -> Gelid Small Charm	rune_upgrade	0	100	4	"""useitem,pre=682"""	blizzhackers/d2data	cubemain.json	"{""mod 1"": ""pierce-cold"", ""mod 1 max"": 1, ""mod 1 min"": 1}"	{}
cube::175	175	1 Lum Rune + 1 Perfect Sapphire + 1 Eastern Worldstone Shard + 1 Large Charm -> Gelid Large Charm	rune_upgrade	0	100	4	"""useitem,pre=683"""	blizzhackers/d2data	cubemain.json	"{""mod 1"": ""pierce-cold"", ""mod 1 max"": 2, ""mod 1 min"": 1}"	{}
cube::176	176	1 Lum Rune + 1 Perfect Sapphire + 1 Eastern Worldstone Shard + 1 Grand Charm -> Gelid Grand Charm	rune_upgrade	0	100	4	"""useitem,pre=684"""	blizzhackers/d2data	cubemain.json	"{""mod 1"": ""pierce-cold"", ""mod 1 max"": 3, ""mod 1 min"": 1}"	{}
cube::177	177	1 Lum Rune + 1 Perfect Sapphire + 1 Uber Ancient Summon Material Act2 + 1 Cold Rupture -> Gelid Cold Rupture	rune_upgrade	1	100	4	Crafted Cold Rupture	blizzhackers/d2data	cubemain.json	{}	{}
cube::178	178	1 Fal Rune + 1 Perfect Topaz + 1 Southern Worldstone Shard + 1 Magic Amulet -> Magnetic Amulet	rune_upgrade	0	100	4	"""useitem,pre=689"""	blizzhackers/d2data	cubemain.json	"{""mod 1"": ""pierce-ltng"", ""mod 1 max"": 3, ""mod 1 min"": 1}"	{}
cube::179	179	1 Fal Rune + 1 Perfect Topaz + 1 Southern Worldstone Shard + 1 Magic Ring -> Magnetic Ring	rune_upgrade	0	100	4	"""useitem,pre=688"""	blizzhackers/d2data	cubemain.json	"{""mod 1"": ""pierce-ltng"", ""mod 1 max"": 2, ""mod 1 min"": 1}"	{}
cube::180	180	1 Fal Rune + 1 Perfect Topaz + 1 Southern Worldstone Shard + 1 Magic Helm -> Magnetic Helm	rune_upgrade	0	100	4	"""useitem,pre=689"""	blizzhackers/d2data	cubemain.json	"{""mod 1"": ""pierce-ltng"", ""mod 1 max"": 3, ""mod 1 min"": 1}"	{}
cube::181	181	1 Fal Rune + 1 Perfect Topaz + 1 Southern Worldstone Shard + 1 Magic Boots -> Magnetic Boots	rune_upgrade	0	100	4	"""useitem,pre=689"""	blizzhackers/d2data	cubemain.json	"{""mod 1"": ""pierce-ltng"", ""mod 1 max"": 3, ""mod 1 min"": 1}"	{}
cube::182	182	1 Fal Rune + 1 Perfect Topaz + 1 Southern Worldstone Shard + 1 Magic Gloves -> Magnetic Gloves	rune_upgrade	0	100	4	"""useitem,pre=689"""	blizzhackers/d2data	cubemain.json	"{""mod 1"": ""pierce-ltng"", ""mod 1 max"": 3, ""mod 1 min"": 1}"	{}
cube::183	183	1 Fal Rune + 1 Perfect Topaz + 1 Southern Worldstone Shard + 1 Magic Armor -> Magnetic Armor	rune_upgrade	0	100	4	"""useitem,pre=691"""	blizzhackers/d2data	cubemain.json	"{""mod 1"": ""pierce-ltng"", ""mod 1 max"": 8, ""mod 1 min"": 2}"	{}
cube::184	184	1 Fal Rune + 1 Perfect Topaz + 1 Southern Worldstone Shard + 1 Magic Weapon -> Magnetic Weapon	rune_upgrade	0	100	4	"""useitem,pre=690"""	blizzhackers/d2data	cubemain.json	"{""mod 1"": ""pierce-ltng"", ""mod 1 max"": 4, ""mod 1 min"": 1}"	{}
cube::185	185	1 Fal Rune + 1 Perfect Topaz + 1 Southern Worldstone Shard + 1 Magic Shield -> Magnetic Shield	rune_upgrade	0	100	4	"""useitem,pre=690"""	blizzhackers/d2data	cubemain.json	"{""mod 1"": ""pierce-ltng"", ""mod 1 max"": 4, ""mod 1 min"": 1}"	{}
cube::186	186	1 Fal Rune + 1 Perfect Topaz + 1 Southern Worldstone Shard + 1 Small Charm -> Magnetic Small Charm	rune_upgrade	0	100	4	"""useitem,pre=687"""	blizzhackers/d2data	cubemain.json	"{""mod 1"": ""pierce-ltng"", ""mod 1 max"": 1, ""mod 1 min"": 1}"	{}
cube::187	187	1 Fal Rune + 1 Perfect Topaz + 1 Southern Worldstone Shard + 1 Large Charm -> Magnetic Large Charm	rune_upgrade	0	100	4	"""useitem,pre=688"""	blizzhackers/d2data	cubemain.json	"{""mod 1"": ""pierce-ltng"", ""mod 1 max"": 2, ""mod 1 min"": 1}"	{}
cube::188	188	1 Fal Rune + 1 Perfect Topaz + 1 Southern Worldstone Shard + 1 Grand Charm -> Magnetic Grand Charm	rune_upgrade	0	100	4	"""useitem,pre=689"""	blizzhackers/d2data	cubemain.json	"{""mod 1"": ""pierce-ltng"", ""mod 1 max"": 3, ""mod 1 min"": 1}"	{}
cube::189	189	1 Fal Rune + 1 Perfect Topaz + 1 Uber Ancient Summon Material Act3 + 1 Crack of the Heavens -> Magnetic Crack of the Heavens	rune_upgrade	1	100	4	Crafted Crack of the Heavens	blizzhackers/d2data	cubemain.json	{}	{}
cube::190	190	1 Io Rune + 1 Perfect Ruby + 1 Deep Worldstone Shard + 1 Magic Amulet -> Incendiary Amulet	rune_upgrade	0	100	4	"""useitem,pre=679"""	blizzhackers/d2data	cubemain.json	"{""mod 1"": ""pierce-fire"", ""mod 1 max"": 3, ""mod 1 min"": 1}"	{}
cube::191	191	1 Io Rune + 1 Perfect Ruby + 1 Deep Worldstone Shard + 1 Magic Ring -> Incendiary Ring	rune_upgrade	0	100	4	"""useitem,pre=678"""	blizzhackers/d2data	cubemain.json	"{""mod 1"": ""pierce-fire"", ""mod 1 max"": 2, ""mod 1 min"": 1}"	{}
cube::192	192	1 Io Rune + 1 Perfect Ruby + 1 Deep Worldstone Shard + 1 Magic Helm -> Incendiary Helm	rune_upgrade	0	100	4	"""useitem,pre=679"""	blizzhackers/d2data	cubemain.json	"{""mod 1"": ""pierce-fire"", ""mod 1 max"": 3, ""mod 1 min"": 1}"	{}
cube::193	193	1 Io Rune + 1 Perfect Ruby + 1 Deep Worldstone Shard + 1 Magic Boots -> Incendiary Boots	rune_upgrade	0	100	4	"""useitem,pre=679"""	blizzhackers/d2data	cubemain.json	"{""mod 1"": ""pierce-fire"", ""mod 1 max"": 3, ""mod 1 min"": 1}"	{}
cube::194	194	1 Io Rune + 1 Perfect Ruby + 1 Deep Worldstone Shard + 1 Magic Gloves -> Incendiary Gloves	rune_upgrade	0	100	4	"""useitem,pre=679"""	blizzhackers/d2data	cubemain.json	"{""mod 1"": ""pierce-fire"", ""mod 1 max"": 3, ""mod 1 min"": 1}"	{}
cube::195	195	1 Io Rune + 1 Perfect Ruby + 1 Deep Worldstone Shard + 1 Magic Armor -> Incendiary Armor	rune_upgrade	0	100	4	"""useitem,pre=681"""	blizzhackers/d2data	cubemain.json	"{""mod 1"": ""pierce-fire"", ""mod 1 max"": 8, ""mod 1 min"": 2}"	{}
cube::196	196	1 Io Rune + 1 Perfect Ruby + 1 Deep Worldstone Shard + 1 Magic Weapon -> Incendiary Weapon	rune_upgrade	0	100	4	"""useitem,pre=680"""	blizzhackers/d2data	cubemain.json	"{""mod 1"": ""pierce-fire"", ""mod 1 max"": 4, ""mod 1 min"": 1}"	{}
cube::197	197	1 Io Rune + 1 Perfect Ruby + 1 Deep Worldstone Shard + 1 Magic Shield -> Incendiary Shield	rune_upgrade	0	100	4	"""useitem,pre=680"""	blizzhackers/d2data	cubemain.json	"{""mod 1"": ""pierce-fire"", ""mod 1 max"": 4, ""mod 1 min"": 1}"	{}
cube::198	198	1 Io Rune + 1 Perfect Ruby + 1 Deep Worldstone Shard + 1 Small Charm -> Incendiary Small Charm	rune_upgrade	0	100	4	"""useitem,pre=677"""	blizzhackers/d2data	cubemain.json	"{""mod 1"": ""pierce-fire"", ""mod 1 max"": 1, ""mod 1 min"": 1}"	{}
cube::199	199	1 Io Rune + 1 Perfect Ruby + 1 Deep Worldstone Shard + 1 Large Charm -> Incendiary Large Charm	rune_upgrade	0	100	4	"""useitem,pre=678"""	blizzhackers/d2data	cubemain.json	"{""mod 1"": ""pierce-fire"", ""mod 1 max"": 2, ""mod 1 min"": 1}"	{}
cube::200	200	1 Io Rune + 1 Perfect Ruby + 1 Deep Worldstone Shard + 1 Grand Charm -> Incendiary Grand Charm	rune_upgrade	0	100	4	"""useitem,pre=679"""	blizzhackers/d2data	cubemain.json	"{""mod 1"": ""pierce-fire"", ""mod 1 max"": 3, ""mod 1 min"": 1}"	{}
cube::201	201	1 Io Rune + 1 Perfect Ruby + 1 Uber Ancient Summon Material Act4 + 1 Flame Rift -> Incendiary Flame Rift	rune_upgrade	1	100	4	Crafted Flame Rift	blizzhackers/d2data	cubemain.json	{}	{}
cube::202	202	1 Pul Rune + 1 Perfect Amethyst + 1 Northern Worldstone Shard + 1 Magic Amulet -> Breaching Amulet	rune_upgrade	0	100	4	"""useitem,pre=699"""	blizzhackers/d2data	cubemain.json	"{""mod 1"": ""pierce-dmg"", ""mod 1 max"": 3, ""mod 1 min"": 1}"	{}
cube::203	203	1 Pul Rune + 1 Perfect Amethyst + 1 Northern Worldstone Shard + 1 Magic Ring -> Breaching Ring	rune_upgrade	0	100	4	"""useitem,pre=698"""	blizzhackers/d2data	cubemain.json	"{""mod 1"": ""pierce-dmg"", ""mod 1 max"": 2, ""mod 1 min"": 1}"	{}
cube::204	204	1 Pul Rune + 1 Perfect Amethyst + 1 Northern Worldstone Shard + 1 Magic Helm -> Breaching Helm	rune_upgrade	0	100	4	"""useitem,pre=699"""	blizzhackers/d2data	cubemain.json	"{""mod 1"": ""pierce-dmg"", ""mod 1 max"": 3, ""mod 1 min"": 1}"	{}
cube::205	205	1 Pul Rune + 1 Perfect Amethyst + 1 Northern Worldstone Shard + 1 Magic Boots -> Breaching Boots	rune_upgrade	0	100	4	"""useitem,pre=699"""	blizzhackers/d2data	cubemain.json	"{""mod 1"": ""pierce-dmg"", ""mod 1 max"": 3, ""mod 1 min"": 1}"	{}
cube::206	206	1 Pul Rune + 1 Perfect Amethyst + 1 Northern Worldstone Shard + 1 Magic Gloves -> Breaching Gloves	rune_upgrade	0	100	4	"""useitem,pre=699"""	blizzhackers/d2data	cubemain.json	"{""mod 1"": ""pierce-dmg"", ""mod 1 max"": 3, ""mod 1 min"": 1}"	{}
cube::207	207	1 Pul Rune + 1 Perfect Amethyst + 1 Northern Worldstone Shard + 1 Magic Armor -> Breaching Armor	rune_upgrade	0	100	4	"""useitem,pre=701"""	blizzhackers/d2data	cubemain.json	"{""mod 1"": ""pierce-dmg"", ""mod 1 max"": 8, ""mod 1 min"": 1}"	{}
cube::208	208	1 Pul Rune + 1 Perfect Amethyst + 1 Northern Worldstone Shard + 1 Magic Weapon -> Breaching Weapon	rune_upgrade	0	100	4	"""useitem,pre=700"""	blizzhackers/d2data	cubemain.json	"{""mod 1"": ""pierce-dmg"", ""mod 1 max"": 4, ""mod 1 min"": 1}"	{}
cube::209	209	1 Pul Rune + 1 Perfect Amethyst + 1 Northern Worldstone Shard + 1 Magic Shield -> Breaching Shield	rune_upgrade	0	100	4	"""useitem,pre=700"""	blizzhackers/d2data	cubemain.json	"{""mod 1"": ""pierce-dmg"", ""mod 1 max"": 4, ""mod 1 min"": 1}"	{}
cube::210	210	1 Pul Rune + 1 Perfect Amethyst + 1 Northern Worldstone Shard + 1 Small Charm -> Breaching Small Charm	rune_upgrade	0	100	4	"""useitem,pre=697"""	blizzhackers/d2data	cubemain.json	"{""mod 1"": ""pierce-dmg"", ""mod 1 max"": 1, ""mod 1 min"": 1}"	{}
cube::211	211	1 Pul Rune + 1 Perfect Amethyst + 1 Northern Worldstone Shard + 1 Large Charm -> Breaching Large Charm	rune_upgrade	0	100	4	"""useitem,pre=698"""	blizzhackers/d2data	cubemain.json	"{""mod 1"": ""pierce-dmg"", ""mod 1 max"": 2, ""mod 1 min"": 1}"	{}
cube::212	212	1 Pul Rune + 1 Perfect Amethyst + 1 Northern Worldstone Shard + 1 Grand Charm -> Breaching Grand Charm	rune_upgrade	0	100	4	"""useitem,pre=699"""	blizzhackers/d2data	cubemain.json	"{""mod 1"": ""pierce-dmg"", ""mod 1 max"": 3, ""mod 1 min"": 1}"	{}
cube::213	213	1 Pul Rune + 1 Perfect Amethyst + 1 Uber Ancient Summon Material Act5 + 1 Bone Break -> Breaching Bone Break	rune_upgrade	1	100	4	Crafted Bone Break	blizzhackers/d2data	cubemain.json	{}	{}
cube::214	214	1 Mal Rune + 1 Perfect Diamond + 1 Northern Worldstone Shard + 1 Magic Amulet -> Mystical Amulet	rune_upgrade	0	100	4	"""useitem,pre=694"""	blizzhackers/d2data	cubemain.json	"{""mod 1"": ""pierce-mag"", ""mod 1 max"": 3, ""mod 1 min"": 1}"	{}
cube::215	215	1 Mal Rune + 1 Perfect Diamond + 1 Northern Worldstone Shard + 1 Magic Ring -> Mystical Ring	rune_upgrade	0	100	4	"""useitem,pre=693"""	blizzhackers/d2data	cubemain.json	"{""mod 1"": ""pierce-mag"", ""mod 1 max"": 2, ""mod 1 min"": 1}"	{}
cube::216	216	1 Mal Rune + 1 Perfect Diamond + 1 Northern Worldstone Shard + 1 Magic Helm -> Mystical Helm	rune_upgrade	0	100	4	"""useitem,pre=694"""	blizzhackers/d2data	cubemain.json	"{""mod 1"": ""pierce-mag"", ""mod 1 max"": 3, ""mod 1 min"": 1}"	{}
cube::217	217	1 Mal Rune + 1 Perfect Diamond + 1 Northern Worldstone Shard + 1 Magic Boots -> Mystical Boots	rune_upgrade	0	100	4	"""useitem,pre=694"""	blizzhackers/d2data	cubemain.json	"{""mod 1"": ""pierce-mag"", ""mod 1 max"": 3, ""mod 1 min"": 1}"	{}
cube::218	218	1 Mal Rune + 1 Perfect Diamond + 1 Northern Worldstone Shard + 1 Magic Gloves -> Mystical Gloves	rune_upgrade	0	100	4	"""useitem,pre=694"""	blizzhackers/d2data	cubemain.json	"{""mod 1"": ""pierce-mag"", ""mod 1 max"": 3, ""mod 1 min"": 1}"	{}
cube::219	219	1 Mal Rune + 1 Perfect Diamond + 1 Northern Worldstone Shard + 1 Magic Armor -> Mystical Armor	rune_upgrade	0	100	4	"""useitem,pre=696"""	blizzhackers/d2data	cubemain.json	"{""mod 1"": ""pierce-mag"", ""mod 1 max"": 8, ""mod 1 min"": 2}"	{}
cube::220	220	1 Mal Rune + 1 Perfect Diamond + 1 Northern Worldstone Shard + 1 Magic Weapon -> Mystical Weapon	rune_upgrade	0	100	4	"""useitem,pre=695"""	blizzhackers/d2data	cubemain.json	"{""mod 1"": ""pierce-mag"", ""mod 1 max"": 4, ""mod 1 min"": 1}"	{}
cube::221	221	1 Mal Rune + 1 Perfect Diamond + 1 Northern Worldstone Shard + 1 Magic Shield -> Mystical Shield	rune_upgrade	0	100	4	"""useitem,pre=695"""	blizzhackers/d2data	cubemain.json	"{""mod 1"": ""pierce-mag"", ""mod 1 max"": 4, ""mod 1 min"": 1}"	{}
cube::222	222	1 Mal Rune + 1 Perfect Diamond + 1 Northern Worldstone Shard + 1 Small Charm -> Mystical Small Charm	rune_upgrade	0	100	4	"""useitem,pre=692"""	blizzhackers/d2data	cubemain.json	"{""mod 1"": ""pierce-mag"", ""mod 1 max"": 1, ""mod 1 min"": 1}"	{}
cube::223	223	1 Mal Rune + 1 Perfect Diamond + 1 Northern Worldstone Shard + 1 Large Charm -> Mystical Large Charm	rune_upgrade	0	100	4	"""useitem,pre=693"""	blizzhackers/d2data	cubemain.json	"{""mod 1"": ""pierce-mag"", ""mod 1 max"": 2, ""mod 1 min"": 1}"	{}
cube::224	224	1 Mal Rune + 1 Perfect Diamond + 1 Northern Worldstone Shard + 1 Grand Charm -> Mystical Grand Charm	rune_upgrade	0	100	4	"""useitem,pre=694"""	blizzhackers/d2data	cubemain.json	"{""mod 1"": ""pierce-mag"", ""mod 1 max"": 3, ""mod 1 min"": 1}"	{}
cube::225	225	1 Mal Rune + 1 Perfect Diamond + 1 Uber Ancient Summon Material Act5 + 1 Black Cleft -> Mystical Black Cleft	rune_upgrade	1	100	6	Crafted Black Cleft	blizzhackers/d2data	cubemain.json	{}	{}
cube::226	226	1 Uber Ancient Summon Material from Act 1 + Act2 + Act3 + Act 4 + Act 5 -> Portal to Colossal Summit	other	1	100	5	"""Red Portal,lvl=137,qty=1"""	blizzhackers/d2data	cubemain.json	{}	{}
