unique::alma-negra	329	Alma Negra	阿爾瑪‧尼格拉	pac	Sacred Rondache	神聖輕圓盾	1	85	77	\N	5	5000	blizzhackers/d2data	uniqueitems.json	{}
unique::amulet-of-the-viper	123	Amulet of the Viper	蝮蛇護符	vip	\N	\N	1	0	0	\N	5	5000	blizzhackers/d2data	uniqueitems.json	{}
unique::andariel-s-visage	345	Andariel's Visage	安達利爾的面貌	usk	Demonhead	惡魔頭蓋骨面具	1	85	83	\N	3	5000	blizzhackers/d2data	uniqueitems.json	{}
unique::annihilus	381	Annihilus	毀滅	cm1	\N	\N	1	110	70	\N	3	5000	blizzhackers/d2data	uniqueitems.json	{}
unique::arachnid-mesh	373	Arachnid Mesh	蜘蛛之網	ulc	Spiderweb Sash	蛛網腰帶	1	87	80	\N	5	5000	blizzhackers/d2data	uniqueitems.json	{}
unique::arioc-s-needle	382	Arioc's Needle	愛理歐克之針	7sr	Hyperion Spear	亥伯龍之矛	1	85	81	\N	3	5000	blizzhackers/d2data	uniqueitems.json	{}
unique::arkaine-s-valor	251	Arkaine's Valor	阿凱尼的榮耀	upl	Balrog Skin	炎魔皮板甲	1	85	85	\N	3	5000	blizzhackers/d2data	uniqueitems.json	{}
unique::arm-of-king-leoric	141	Arm of King Leoric	李奧瑞克王的武器	9bw	Tomb Wand	古墓之杖	1	44	36	\N	5	5000	blizzhackers/d2data	uniqueitems.json	{}
unique::arreat-s-face	279	Arreat's Face	亞瑞特的面容	baa	Slayer Guard	殺手防護面甲	1	50	42	\N	5	5000	blizzhackers/d2data	uniqueitems.json	{}
unique::ars-al-diablolos	408	Ars Al'Diablolos	Ars Al'Diablolos	waf	Blasphemous Grimoire	waf	1	85	80	\N	5	5000	blizzhackers/d2data	uniqueitems.json	{}
unique::ars-dul-mephistos	410	Ars Dul'Mephistos	Ars Dul'Mephistos	wac	Occult Tome	wac	1	85	78	\N	5	5000	blizzhackers/d2data	uniqueitems.json	{}
unique::ars-tor-baalos	409	Ars Tor'Baalos	Ars Tor'Baalos	wae	Blasphemous Compendium	wae	1	85	73	\N	5	5000	blizzhackers/d2data	uniqueitems.json	{}
unique::astreon-s-iron-ward	380	Astreon's Iron Ward	愛斯特龍之鐵的保護區	7ws	Caduceus	神使之杖	1	68	60	\N	3	5000	blizzhackers/d2data	uniqueitems.json	{}
unique::athena-s-wrath	179	Athena's Wrath	雅典娜的忿怒	9s8	Battle Scythe	戰鬥鐮刀	1	50	42	\N	5	5000	blizzhackers/d2data	uniqueitems.json	{}
unique::atma-s-scarab	273	Atma's Scarab	亞特瑪的聖甲蟲	amu	\N	\N	5	60	60	\N	5	5000	blizzhackers/d2data	uniqueitems.json	{}
unique::atma-s-wail	220	Atma's Wail	亞特瑪的哭喊	xth	Embossed Plate	凸紋戰甲	1	59	51	\N	3	5000	blizzhackers/d2data	uniqueitems.json	{}
unique::axe-of-fechmar	5	Axe of Fechmar	費屈瑪之斧	lax	Large Axe	巨斧	1	11	8	\N	5	5000	blizzhackers/d2data	uniqueitems.json	{}
unique::azurewrath	29	Azurewrath	青色忿怒	crs	Crystal Sword	水晶劍	1	18	13	\N	5	5000	blizzhackers/d2data	uniqueitems.json	{}
unique::azurewrath	301	Azurewrath	青色忿怒	7cr	Phase Blade	幻化之刃	1	87	85	\N	5	5000	blizzhackers/d2data	uniqueitems.json	{}
unique::baezil-s-vortex	150	Baezil's Vortex	貝西爾的漩渦	9fl	Knout	鐵皮鞭	1	53	45	\N	5	5000	blizzhackers/d2data	uniqueitems.json	{}
unique::bane-ash	54	Bane Ash	禍根之灰	sst	Short Staff	短棍	1	7	5	\N	5	5000	blizzhackers/d2data	uniqueitems.json	{}
unique::baranar-s-star	256	Baranar's Star	巴拉那之星	7mt	Devil Star	惡魔流星錘	1	70	65	\N	5	5000	blizzhackers/d2data	uniqueitems.json	{}
unique::bartuc-s-cut-throat	286	Bartuc's Cut-Throat	巴特克的猛擊	9tw	Greater Talons	巨鷹爪	1	50	42	\N	5	5000	blizzhackers/d2data	uniqueitems.json	{}
unique::biggin-s-bonnet	71	Biggin's Bonnet	畢格因的軟帽	cap	Cap	帽子	1	4	3	\N	5	5000	blizzhackers/d2data	uniqueitems.json	{}
unique::bing-sz-wang	163	Bing Sz Wang	兵之王	9cm	Dacian Falx	雙刃鐮	1	51	43	\N	5	5000	blizzhackers/d2data	uniqueitems.json	{}
unique::black-cleft	406	Black Cleft	Black Cleft	cm3	\N	\N	1	69	75	\N	3	5000	blizzhackers/d2data	uniqueitems.json	{}
unique::black-hades	221	Black Hades	黑色黑帝斯	xul	Chaos Armor	混沌戰甲	1	61	53	\N	3	5000	blizzhackers/d2data	uniqueitems.json	{}
unique::blackbog-s-sharp	170	Blackbog's Sharp	黑沼之鋒	9kr	Cinquedeas	強波刀	1	46	38	\N	5	5000	blizzhackers/d2data	uniqueitems.json	{}
unique::blackhand-key	142	Blackhand Key	黑手之鑰	9gw	Grave Wand	墓地之杖	1	49	41	\N	5	5000	blizzhackers/d2data	uniqueitems.json	{}
unique::blackhorn-s-face	207	Blackhorn's Face	黑角面具	xsk	Death Mask	死亡面具	1	49	41	\N	3	5000	blizzhackers/d2data	uniqueitems.json	{}
unique::blackleach-blade	178	Blackleach Blade	黑水之刃	9vo	Bill	比爾長刀	1	50	42	\N	5	5000	blizzhackers/d2data	uniqueitems.json	{}
unique::blackoak-shield	252	Blackoak Shield	黑橡樹盾	uml	Luna	月精靈護盾	1	67	61	\N	3	5000	blizzhackers/d2data	uniqueitems.json	{}
unique::blacktongue	36	Blacktongue	黑色之舌	bsw	Bastard Sword	巨劍	1	35	26	\N	5	5000	blizzhackers/d2data	uniqueitems.json	{}
unique::blade-of-ali-baba	157	Blade of Ali Baba	阿里巴巴之刃	9fc	Tulwar	圓月彎刀	1	43	35	\N	5	5000	blizzhackers/d2data	uniqueitems.json	{}
unique::bladebone	2	Bladebone	肩胛骨	2ax	Double Axe	雙刃斧	1	20	15	\N	5	5000	blizzhackers/d2data	uniqueitems.json	{}
unique::bladebuckle	116	Bladebuckle	鋒利扣帶	hbl	Plated Belt	金屬扣帶	1	39	29	\N	5	5000	blizzhackers/d2data	uniqueitems.json	{}
unique::blastbark	66	Blastbark	爆裂的吠叫	lwb	Long War Bow	長巨戰弓	1	38	28	\N	5	5000	blizzhackers/d2data	uniqueitems.json	{}
unique::blinkbat-s-form	80	Blinkbat's Form	眨眼蝙蝠的外觀	lea	Leather Armor	皮甲	1	16	12	\N	5	5000	blizzhackers/d2data	uniqueitems.json	{}
unique::blood-crescent	26	Blood Crescent	血紅新月	scm	Scimitar	彎刀	1	10	7	\N	5	5000	blizzhackers/d2data	uniqueitems.json	{}
unique::blood-raven-s-charge	332	Blood Raven's Charge	血鳥的襲擊	amb	Matriarchal Bow	女族長之弓	1	79	71	\N	5	5000	blizzhackers/d2data	uniqueitems.json	{}
unique::bloodfist	103	Bloodfist	血拳	vgl	Heavy Gloves	重手套	1	12	9	\N	5	5000	blizzhackers/d2data	uniqueitems.json	{}
unique::bloodletter	154	Bloodletter	血書	9ss	Gladius	羅馬短劍	1	38	30	\N	5	5000	blizzhackers/d2data	uniqueitems.json	{}
unique::bloodmoon	289	Bloodmoon	血月	7sb	Elegant Blade	優雅之劍	1	69	61	\N	5	5000	blizzhackers/d2data	uniqueitems.json	{}
unique::bloodpact-shard	414	Bloodpact Shard	Bloodpact Shard	7di	Mithral Point	秘銀小刀	2	73	67	\N	3	5000	blizzhackers/d2data	uniqueitems.json	{}
unique::bloodrise	20	Bloodrise	血昇	mst	Morning Star	流星鎚	1	20	15	\N	5	5000	blizzhackers/d2data	uniqueitems.json	{}
unique::bloodthief	45	Bloodthief	血之偷	brn	Brandistock	叉	1	23	17	\N	5	5000	blizzhackers/d2data	uniqueitems.json	{}
unique::bloodtree-stump	152	Bloodtree Stump	血樹殘株	9m9	War Club	巨戰木棍	1	56	48	\N	5	5000	blizzhackers/d2data	uniqueitems.json	{}
unique::bone-break	405	Bone Break	Bone Break	cm3	\N	\N	1	69	75	\N	3	5000	blizzhackers/d2data	uniqueitems.json	{}
unique::boneflame	341	Boneflame	骨焰	nee	Succubus Skull	女妖之骨	1	80	72	\N	3	5000	blizzhackers/d2data	uniqueitems.json	{}
unique::boneflesh	88	Boneflesh	骨肉	plt	Plate Mail	鎧甲	1	35	26	\N	5	5000	blizzhackers/d2data	uniqueitems.json	{}
unique::bonehew	387	Bonehew	破骨	7o7	Ogre Axe	食人魔之斧	1	72	64	\N	3	5000	blizzhackers/d2data	uniqueitems.json	{}
unique::boneshade	351	Boneshade	白骨陰影	7bw	Lich Wand	巫妖法杖	1	84	79	\N	3	5000	blizzhackers/d2data	uniqueitems.json	{}
unique::boneslayer-blade	137	Boneslayer Blade	碎骨者之刃	9ga	Gothic Axe	哥德之斧	1	50	42	\N	5	5000	blizzhackers/d2data	uniqueitems.json	{}
unique::bonesnap	23	Bonesnap	碎骨	mau	Maul	大木棍	1	32	24	\N	5	5000	blizzhackers/d2data	uniqueitems.json	{}
unique::brainhew	8	Brainhew	腦袋	gax	Great Axe	卓越之斧	1	34	25	\N	5	5000	blizzhackers/d2data	uniqueitems.json	{}
unique::bul-kathos-wedding-band	268	Bul-Kathos' Wedding Band	布爾凱索之戒	rin	\N	\N	1	66	58	\N	5	5000	blizzhackers/d2data	uniqueitems.json	{}
unique::buriza-do-kyanon	198	Buriza-Do Kyanon	布理撒‧多‧凱南	8hx	Ballista	弩弓	1	59	41	\N	5	5000	blizzhackers/d2data	uniqueitems.json	{}
unique::butcher-s-pupil	130	Butcher's Pupil	屠夫之瞳	9ax	Cleaver	切肉斧	1	47	39	\N	5	5000	blizzhackers/d2data	uniqueitems.json	{}
unique::bverrit-keep	100	Bverrit Keep	貝弗提的紀念	tow	Tower Shield	塔盾	1	26	19	\N	5	5000	blizzhackers/d2data	uniqueitems.json	{}
unique::carin-shard	140	Carin Shard	凱恩碎片	9yw	Petrified Wand	淨化之杖	1	43	35	\N	5	5000	blizzhackers/d2data	uniqueitems.json	{}
unique::carrion-wind	378	Carrion Wind	腐肉之風	rin	\N	\N	3	68	60	\N	3	5000	blizzhackers/d2data	uniqueitems.json	{}
unique::cerebus-bite	310	Cerebus' Bite	地獄之吻	drb	Blood Spirit	血腥之靈	1	71	63	\N	5	5000	blizzhackers/d2data	uniqueitems.json	{}
unique::chance-guards	104	Chance Guards	運氣守護	mgl	Chain Gloves	鎖鍊手套	1	20	15	\N	5	5000	blizzhackers/d2data	uniqueitems.json	{}
unique::chromatic-ire	185	Chromatic Ire	五彩的怒氣	8cs	Cedar Staff	杉木之棍	1	43	35	\N	5	5000	blizzhackers/d2data	uniqueitems.json	{}
unique::cliffkiller	193	Cliffkiller	岩壁殺手	8l8	Long Siege Bow	長攻城弓	1	49	41	\N	5	5000	blizzhackers/d2data	uniqueitems.json	{}
unique::cloudcrack	165	Cloudcrack	雲裂	9b9	Gothic Sword	哥德劍	1	53	45	\N	5	5000	blizzhackers/d2data	uniqueitems.json	{}
unique::coif-of-glory	73	Coif of Glory	光榮布帽	hlm	Helm	頭盔	1	19	14	\N	5	5000	blizzhackers/d2data	uniqueitems.json	{}
unique::cold-rupture	401	Cold Rupture	Cold Rupture	cm3	\N	\N	1	69	75	\N	3	5000	blizzhackers/d2data	uniqueitems.json	{}
unique::coldkill	129	Coldkill	冷殺	9ha	Hatchet	小斧	1	44	36	\N	5	5000	blizzhackers/d2data	uniqueitems.json	{}
unique::coldsteel-eye	155	Coldsteel Eye	冰鋼之眼	9sm	Cutlass	微彎劍	1	39	31	\N	5	5000	blizzhackers/d2data	uniqueitems.json	{}
unique::constricting-ring	263	Constricting Ring	收縮戒指	rin	\N	\N	1	95	95	\N	5	5000	blizzhackers/d2data	uniqueitems.json	{}
unique::corpsemourn	222	Corpsemourn	屍體的哀傷	xar	Ornate Armor	華麗戰甲	1	63	55	\N	3	5000	blizzhackers/d2data	uniqueitems.json	{}
unique::crack-of-the-heavens	403	Crack of the Heavens	Crack of the Heavens	cm3	\N	\N	1	69	75	\N	3	5000	blizzhackers/d2data	uniqueitems.json	{}
unique::crafted-black-cleft	437	Crafted Black Cleft	Crafted Black Cleft	cs2	\N	\N	1	69	75	\N	3	5000	blizzhackers/d2data	uniqueitems.json	{}
unique::crafted-bone-break	436	Crafted Bone Break	Crafted Bone Break	cs2	\N	\N	1	69	75	\N	3	5000	blizzhackers/d2data	uniqueitems.json	{}
unique::crafted-cold-rupture	427	Crafted Cold Rupture	Crafted Cold Rupture	cs2	\N	\N	1	69	75	\N	3	5000	blizzhackers/d2data	uniqueitems.json	{}
unique::crafted-crack-of-the-heavens	434	Crafted Crack of the Heavens	Crafted Crack of the Heavens	cs2	\N	\N	1	69	75	\N	3	5000	blizzhackers/d2data	uniqueitems.json	{}
unique::crafted-flame-rift	433	Crafted Flame Rift	Crafted Flame Rift	cs2	\N	\N	1	69	75	\N	3	5000	blizzhackers/d2data	uniqueitems.json	{}
unique::crafted-rotting-fissure	435	Crafted Rotting Fissure	Crafted Rotting Fissure	cs2	\N	\N	1	69	75	\N	3	5000	blizzhackers/d2data	uniqueitems.json	{}
unique::crainte-vomir	162	Crainte Vomir	克林鐵‧弗姆	92h	Espandon	斬鐵劍	1	50	42	\N	5	5000	blizzhackers/d2data	uniqueitems.json	{}
unique::cranebeak	383	Cranebeak	鶴嘴	7mp	War Spike	戰刺	1	71	63	\N	3	5000	blizzhackers/d2data	uniqueitems.json	{}
unique::crescent-moon	271	Crescent Moon	新月	amu	\N	\N	5	58	50	\N	5	5000	blizzhackers/d2data	uniqueitems.json	{}
unique::crow-caw	214	Crow Caw	鴉鳴	xcl	Tigulated Mail	提格萊特戰甲	1	45	37	\N	3	5000	blizzhackers/d2data	uniqueitems.json	{}
unique::crown-of-ages	344	Crown of Ages	年紀之冠	urn	Corona	頭冠	1	86	82	\N	3	5000	blizzhackers/d2data	uniqueitems.json	{}
unique::crown-of-thieves	206	Crown of Thieves	盜賊皇冠	xrn	Grand Crown	巨皇冠	1	57	49	\N	3	5000	blizzhackers/d2data	uniqueitems.json	{}
unique::crushflange	19	Crushflange	壓碎的凸邊	mac	Mace	釘頭錘	1	12	9	\N	5	5000	blizzhackers/d2data	uniqueitems.json	{}
unique::culwen-s-point	32	Culwen's Point	庫爾溫的尖端	wsd	War Sword	巨戰之劍	1	39	29	\N	5	5000	blizzhackers/d2data	uniqueitems.json	{}
unique::dark-clan-crusher	143	Dark Clan Crusher	闇族碎滅者	9cl	Cudgel	棍棒	1	42	34	\N	5	5000	blizzhackers/d2data	uniqueitems.json	{}
unique::darkfear	346	Darkfear	黑暗恐懼	ulm	Armet	活動頭盔	1	\N	\N	\N	5	5000	blizzhackers/d2data	uniqueitems.json	{}
unique::darkforce-spawn	330	Darkforce Spawn	魔力肇生	nef	Bloodlord Skull	血王之骨	1	72	64	\N	5	5000	blizzhackers/d2data	uniqueitems.json	{}
unique::darkglow	83	Darkglow	擴散黑暗	rng	Ring Mail	鎖環甲	1	19	14	\N	5	5000	blizzhackers/d2data	uniqueitems.json	{}
unique::darksight-helm	204	Darksight Helm	暗視之盔	xhl	Basinet	輕鋼盔	1	46	38	\N	3	5000	blizzhackers/d2data	uniqueitems.json	{}
unique::death-cleaver	314	Death Cleaver	死亡之刀	7wa	Berserker Axe	狂戰士斧	1	78	70	\N	5	5000	blizzhackers/d2data	uniqueitems.json	{}
unique::death-s-fathom	354	Death's Fathom	死亡深度	obf	Dimensional Shard	次元碎片	1	81	73	\N	3	5000	blizzhackers/d2data	uniqueitems.json	{}
unique::death-s-web	299	Death's Web	死亡之網	7gw	Unearthed Wand	破隱法杖	1	74	66	\N	5	5000	blizzhackers/d2data	uniqueitems.json	{}
unique::deathbit	291	Deathbit	死亡碎片	9tk	Battle Dart	戰鬥飛鏢	1	52	44	\N	5	5000	blizzhackers/d2data	uniqueitems.json	{}
unique::deathspade	1	Deathspade	死亡之鏟	axe	Axe	斧	1	12	9	\N	5	5000	blizzhackers/d2data	uniqueitems.json	{}
unique::defender-s-bile	420	Defender's Bile	Defender's Bile	cjw	\N	\N	1	110	75	\N	3	5000	blizzhackers/d2data	uniqueitems.json	{}
unique::defender-s-fire	423	Defender's Fire	Defender's Fire	cjw	\N	\N	1	110	75	\N	3	5000	blizzhackers/d2data	uniqueitems.json	{}
unique::demon-limb	296	Demon Limb	惡魔爪牙	7sp	Tyrant Club	暴君之棒	1	71	63	\N	5	5000	blizzhackers/d2data	uniqueitems.json	{}
unique::demon-machine	199	Demon Machine	惡魔機器	8rx	Chu-Ko-Nu	巧工弩	1	57	49	\N	5	5000	blizzhackers/d2data	uniqueitems.json	{}
unique::demon-s-arch	340	Demon's Arch	惡魔之王	7s7	Balrog Spear	炎魔長矛	1	76	68	\N	5	5000	blizzhackers/d2data	uniqueitems.json	{}
unique::demonhorn-s-edge	325	Demonhorn's Edge	惡魔號角的邊緣	bad	Destroyer Helm	毀滅者頭盔	1	69	61	\N	5	5000	blizzhackers/d2data	uniqueitems.json	{}
unique::dimoak-s-hew	48	Dimoak's Hew	迪馬克之劈砍	bar	Bardiche	大砍刀	1	11	8	\N	5	5000	blizzhackers/d2data	uniqueitems.json	{}
unique::djinn-slayer	290	Djinn Slayer	魔靈殺手	7sm	Ataghan	土耳其劍	1	73	65	\N	5	5000	blizzhackers/d2data	uniqueitems.json	{}
unique::doombringer	260	Doombringer	末日毀滅者	7b7	Champion Sword	冠軍之劍	1	75	69	\N	5	5000	blizzhackers/d2data	uniqueitems.json	{}
unique::doomslinger	70	Doomslinger	毀滅投石者	rxb	Repeating Crossbow	連射十字弓	1	38	28	\N	5	5000	blizzhackers/d2data	uniqueitems.json	{}
unique::dracul-s-grasp	364	Dracul's Grasp	卓古拉之握	uvg	Vampirebone Gloves	吸血鬼骸骨手套	1	84	76	\N	5	5000	blizzhackers/d2data	uniqueitems.json	{}
unique::dragonscale	347	Dragonscale	龍鱗	pae	Zakarum Shield	撒卡蘭姆盾牌	1	84	80	\N	3	5000	blizzhackers/d2data	uniqueitems.json	{}
unique::dreadfang	412	Dreadfang	Dreadfang	72h	Legend Sword	傳說之劍	2	69	61	\N	3	5000	blizzhackers/d2data	uniqueitems.json	{}
unique::duriel-s-shell	216	Duriel's Shell	都瑞爾的殼	xrs	Cuirass	護胸甲	1	49	41	\N	3	5000	blizzhackers/d2data	uniqueitems.json	{}
unique::duskdeep	74	Duskdeep	黃昏深處	fhl	Full Helm	高級頭盔	1	23	17	\N	5	5000	blizzhackers/d2data	uniqueitems.json	{}
unique::dwarf-star	274	Dwarf Star	矮人之星	rin	\N	\N	10	53	45	\N	5	5000	blizzhackers/d2data	uniqueitems.json	{}
unique::eaglehorn	265	Eaglehorn	鷹號角	6l7	Crusader Bow	十字軍之弓	1	77	69	\N	5	5000	blizzhackers/d2data	uniqueitems.json	{}
unique::earth-shifter	385	Earth Shifter	大地變形者	7gm	Thunder Maul	雷錘	1	77	69	\N	3	5000	blizzhackers/d2data	uniqueitems.json	{}
unique::earthshaker	151	Earthshaker	撼地者	9wh	Battle Hammer	戰鬥鐵鎚	1	51	43	\N	5	5000	blizzhackers/d2data	uniqueitems.json	{}
unique::endlesshail	191	Endlesshail	無休止的冰雹	8cb	Double Bow	雙弓	1	44	36	\N	5	5000	blizzhackers/d2data	uniqueitems.json	{}
unique::entropy-locket	417	Entropy Locket	Entropy Locket	amu	\N	\N	1	60	54	\N	3	5000	blizzhackers/d2data	uniqueitems.json	{}
unique::eschuta-s-temper	367	Eschuta's Temper	艾斯屈塔的脾氣	obc	Eldritch Orb	怪異之球	1	80	72	\N	5	5000	blizzhackers/d2data	uniqueitems.json	{}
unique::ethereal-edge	324	Ethereal Edge	永恆邊界	7ba	Silver-edged Axe	銀刃斧	1	82	74	\N	5	5000	blizzhackers/d2data	uniqueitems.json	{}
unique::executioner-s-justice	315	Executioner's Justice	劊子手的裁決	7gi	Glorious Axe	榮光之斧	1	83	75	\N	5	5000	blizzhackers/d2data	uniqueitems.json	{}
unique::felloak	14	Felloak	兇猛橡樹	clb	Club	木棒	1	4	3	\N	5	5000	blizzhackers/d2data	uniqueitems.json	{}
unique::firelizard-s-talons	368	Firelizard's Talons	火蜥蜴之爪	7lw	Feral Claws	猛禽爪	1	75	67	\N	5	5000	blizzhackers/d2data	uniqueitems.json	{}
unique::flame-rift	402	Flame Rift	Flame Rift	cm3	\N	\N	1	69	75	\N	3	5000	blizzhackers/d2data	uniqueitems.json	{}
unique::flamebellow	353	Flamebellow	火焰號叫	7gs	Balrog Blade	炎魔之刃	1	79	71	\N	3	5000	blizzhackers/d2data	uniqueitems.json	{}
unique::fleshrender	147	Fleshrender	血肉裁決者	9sp	Barbed Club	倒鉤鎚	1	46	38	\N	5	5000	blizzhackers/d2data	uniqueitems.json	{}
unique::fleshripper	304	Fleshripper	裂肉者	7kr	Fanged Knife	齒緣小刀	1	76	68	\N	5	5000	blizzhackers/d2data	uniqueitems.json	{}
unique::frostburn	106	Frostburn	霜燃	hgl	Gauntlets	鐵手套	1	39	29	\N	5	5000	blizzhackers/d2data	uniqueitems.json	{}
unique::frostwind	365	Frostwind	冰霜之風	7ls	Cryptic Sword	神秘之劍	1	78	70	\N	5	5000	blizzhackers/d2data	uniqueitems.json	{}
unique::gargoyle-s-bite	320	Gargoyle's Bite	石像鬼之噬	7ts	Winged Harpoon	翼魚叉	1	78	70	\N	5	5000	blizzhackers/d2data	uniqueitems.json	{}
unique::gerke-s-sanctuary	228	Gerke's Sanctuary	基爾克的聖堂	xow	Pavise	大盾	1	52	44	\N	3	5000	blizzhackers/d2data	uniqueitems.json	{}
unique::gheed-s-fortune	359	Gheed's Fortune	吉黑得的運氣	cm3	\N	\N	1	70	62	\N	3	5000	blizzhackers/d2data	uniqueitems.json	{}
unique::gheed-s-wager	418	Gheed's Wager	Gheed's Wager	utc	Troll Belt	洞穴巨魔腰帶	1	79	71	\N	3	5000	blizzhackers/d2data	uniqueitems.json	{}
unique::ghostflame	333	Ghostflame	鬼火焰	7bl	Legend Spike	傳說尖刺	1	70	62	\N	5	5000	blizzhackers/d2data	uniqueitems.json	{}
unique::ghoulhide	234	Ghoulhide	食屍鬼外皮	xmg	Heavy Bracers	重型手鐲	1	44	36	\N	5	5000	blizzhackers/d2data	uniqueitems.json	{}
unique::giant-maimer	339	Giant Maimer	重殘		\N	\N	1	\N	\N	\N	5	5000	blizzhackers/d2data	uniqueitems.json	{}
unique::giant-skull	379	Giant Skull	巨骷髏	uh9	Bone Visage	骸骨面罩	1	73	65	\N	3	5000	blizzhackers/d2data	uniqueitems.json	{}
unique::gimmershred	335	Gimmershred	碎片貪婪者	7ta	Flying Axe	飛斧	1	78	70	\N	5	5000	blizzhackers/d2data	uniqueitems.json	{}
unique::ginther-s-rift	158	Ginther's Rift	金瑟的裂縫	9cr	Dimensional Blade	空間之刃	1	45	37	\N	5	5000	blizzhackers/d2data	uniqueitems.json	{}
unique::gleamscythe	28	Gleamscythe	閃耀的鐮刀	flc	Falchion	彎形大刀	1	18	13	\N	5	5000	blizzhackers/d2data	uniqueitems.json	{}
unique::gloom-s-trap	244	Gloom's Trap	陰影陷阱	zmb	Mesh Belt	織網腰帶	1	45	36	\N	5	5000	blizzhackers/d2data	uniqueitems.json	{}
unique::goblin-toe	110	Goblin Toe	小妖精腳趾	tbt	Light Plated Boots	輕型金屬靴	1	30	22	\N	5	5000	blizzhackers/d2data	uniqueitems.json	{}
unique::goldskin	91	Goldskin	黃金之皮	ful	Full Plate Mail	高級戰甲	1	38	28	\N	5	5000	blizzhackers/d2data	uniqueitems.json	{}
unique::goldstrike-arch	195	Goldstrike Arch	金擊圓弧	8lw	Gothic Bow	哥德弓	1	54	46	\N	5	5000	blizzhackers/d2data	uniqueitems.json	{}
unique::goldwrap	115	Goldwrap	金色包袱	tbl	Heavy Belt	重扣帶	1	36	27	\N	5	5000	blizzhackers/d2data	uniqueitems.json	{}
unique::gore-rider	241	Gore Rider	蝕肉騎士	xhb	War Boots	巨戰之靴	1	55	47	\N	5	5000	blizzhackers/d2data	uniqueitems.json	{}
unique::gore-ripper	295	Gore Ripper	血塊撕裂者		\N	\N	1	\N	\N	\N	5	5000	blizzhackers/d2data	uniqueitems.json	{}
unique::gorefoot	108	Gorefoot	血腳	vbt	Heavy Boots	重靴	1	12	9	\N	5	5000	blizzhackers/d2data	uniqueitems.json	{}
unique::goreshovel	6	Goreshovel	血塊之鏟	bax	Broad Axe	闊斧	1	19	14	\N	5	5000	blizzhackers/d2data	uniqueitems.json	{}
unique::gravenspine	12	Gravenspine	墓穴之脊	bwn	Bone Wand	骨杖	1	27	20	\N	5	5000	blizzhackers/d2data	uniqueitems.json	{}
unique::gravepalm	233	Gravepalm	墓穴的撫弄	xvg	Sharkskin Gloves	鯊魚皮套	1	39	32	\N	5	5000	blizzhackers/d2data	uniqueitems.json	{}
unique::greyform	79	Greyform	薄暮外觀	qui	Quilted Armor	布甲	1	10	7	\N	5	5000	blizzhackers/d2data	uniqueitems.json	{}
unique::griffon-s-eye	336	Griffon's Eye	格利風之眼	ci3	Diadem	權冠	1	84	76	\N	5	5000	blizzhackers/d2data	uniqueitems.json	{}
unique::grim-s-burning-dead	182	Grim's Burning Dead	驚怖焰亡靈	9wc	Grim Scythe	殘酷鐮刀	1	52	45	\N	5	5000	blizzhackers/d2data	uniqueitems.json	{}
unique::griswold-s-edge	30	Griswold's Edge	格理斯瓦得的銳利	bsd	Broad Sword	闊劍	1	23	17	\N	5	5000	blizzhackers/d2data	uniqueitems.json	{}
unique::guardian-angel	218	Guardian Angel	守護天使	xlt	Templar Coat	聖堂武士外袍	1	53	45	\N	3	5000	blizzhackers/d2data	uniqueitems.json	{}
unique::guardian-naga	133	Guardian Naga	蛇神守護者	9wa	Naga	納卡	1	56	48	\N	5	5000	blizzhackers/d2data	uniqueitems.json	{}
unique::guardian-s-light	425	Guardian's Light	Guardian's Light	cjw	\N	\N	1	110	75	\N	3	5000	blizzhackers/d2data	uniqueitems.json	{}
unique::guardian-s-thunder	421	Guardian's Thunder	Guardian's Thunder	cjw	\N	\N	1	110	75	\N	3	5000	blizzhackers/d2data	uniqueitems.json	{}
unique::gull	39	Gull	海鷗	dgr	Dagger	匕首	1	6	4	\N	5	5000	blizzhackers/d2data	uniqueitems.json	{}
unique::gut-siphon	293	Gut Siphon	內臟吸管	6rx	Demon Crossbow	惡魔十字弓	1	79	71	\N	5	5000	blizzhackers/d2data	uniqueitems.json	{}
unique::halaberd-s-reign	361	Halaberd's Reign	海拉柏得的國度	bae	Conqueror Crown	征服者皇冠面甲	1	85	77	\N	3	5000	blizzhackers/d2data	uniqueitems.json	{}
unique::hand-of-blessed-light	146	Hand of Blessed Light	祝福之光之手	9ws	Divine Scepter	神屬權杖	1	50	42	\N	5	5000	blizzhackers/d2data	uniqueitems.json	{}
unique::harlequin-crest	248	Harlequin Crest	諧角之冠	uap	Shako	軍帽	1	69	62	\N	3	5000	blizzhackers/d2data	uniqueitems.json	{}
unique::hawkmail	84	Hawkmail	鷹甲	scl	Scale Mail	鱗甲	1	20	15	\N	5	5000	blizzhackers/d2data	uniqueitems.json	{}
unique::head-hunter-s-glory	390	Head Hunter's Glory	獵頭人的榮耀	ush	Troll Nest	洞穴巨魔巢穴骨盾	1	83	75	\N	3	5000	blizzhackers/d2data	uniqueitems.json	{}
unique::headstriker	159	Headstriker	擊頭者	9bs	Battle Sword	戰鬥劍	1	47	39	\N	5	5000	blizzhackers/d2data	uniqueitems.json	{}
unique::heart-carver	169	Heart Carver	刻心者	9di	Rondel	詩歌匕首	1	44	36	\N	5	5000	blizzhackers/d2data	uniqueitems.json	{}
unique::heaven-s-light	371	Heaven's Light	天堂之光	7sc	Mighty Scepter	強威權杖	1	69	61	\N	5	5000	blizzhackers/d2data	uniqueitems.json	{}
unique::heavenly-garb	93	Heavenly Garb	天堂裝束	ltp	Light Plate	輕型裝甲	1	39	29	\N	5	5000	blizzhackers/d2data	uniqueitems.json	{}
unique::hell-forge-hammer	126	Hell Forge Hammer	地獄熔爐鐵鎚	hfh	Hellforge Hammer	地獄熔爐鐵鎚	1	0	0	\N	5	5000	blizzhackers/d2data	uniqueitems.json	{}
unique::hellcast	69	Hellcast	投擲地獄	hxb	Heavy Crossbow	重十字弓	1	36	27	\N	5	5000	blizzhackers/d2data	uniqueitems.json	{}
unique::hellclap	65	Hellclap	作響的地獄	swb	Short War Bow	短巨戰弓	1	36	27	\N	5	5000	blizzhackers/d2data	uniqueitems.json	{}
unique::hellfire-torch	400	Hellfire Torch	地獄火炬	cm2	\N	\N	1	110	75	\N	3	5000	blizzhackers/d2data	uniqueitems.json	{}
unique::hellmouth	236	Hellmouth	地獄之嘴	xhg	War Gauntlets	巨戰手套	1	55	47	\N	5	5000	blizzhackers/d2data	uniqueitems.json	{}
unique::hellplague	31	Hellplague	地獄瘟疫	lsd	Long Sword	長劍	1	30	22	\N	5	5000	blizzhackers/d2data	uniqueitems.json	{}
unique::hellrack	328	Hellrack	地獄拷問	6hx	Colossus Crossbow	巨神十字弓	1	84	76	\N	5	5000	blizzhackers/d2data	uniqueitems.json	{}
unique::hellslayer	254	Hellslayer	地獄毀滅者	7bt	Decapitator	斬首斧	1	71	66	\N	5	5000	blizzhackers/d2data	uniqueitems.json	{}
unique::herald-of-zakarum	285	Herald of Zakarum	撒卡蘭姆使者	pa9	Gilded Shield	飾金盾牌	1	50	42	\N	5	5000	blizzhackers/d2data	uniqueitems.json	{}
unique::hexfire	156	Hexfire	六角之火	9sb	Shamshir	虛偽之刃	1	41	33	\N	5	5000	blizzhackers/d2data	uniqueitems.json	{}
unique::highlord-s-wrath	276	Highlord's Wrath	大君之怒	amu	\N	\N	5	73	65	\N	5	5000	blizzhackers/d2data	uniqueitems.json	{}
unique::homunculus	280	Homunculus	侏儒	nea	Heirophant Trophy	祭司印記	1	50	42	\N	5	5000	blizzhackers/d2data	uniqueitems.json	{}
unique::hone-sundan	175	Hone Sundan	宏‧森丹	9st	Yari	三叉長槍	1	45	37	\N	5	5000	blizzhackers/d2data	uniqueitems.json	{}
unique::horadric-staff	125	Horadric Staff	赫拉迪克法杖	hst	Horadric Staff	赫拉迪克之杖	1	0	0	\N	5	5000	blizzhackers/d2data	uniqueitems.json	{}
unique::horizon-s-tornado	306	Horizon's Tornado	地平線的颱風	7fl	Scourge	天罰之錘	5	72	64	\N	5	5000	blizzhackers/d2data	uniqueitems.json	{}
unique::hotspur	107	Hotspur	熱靴刺	lbt	Boots	皮靴	1	7	5	\N	5	5000	blizzhackers/d2data	uniqueitems.json	{}
unique::howltusk	76	Howltusk	怒號長牙	ghm	Great Helm	卓越頭盔	1	34	25	\N	5	5000	blizzhackers/d2data	uniqueitems.json	{}
unique::humongous	9	Humongous	巨大無比	gix	Giant Axe	大斧	1	39	29	\N	5	5000	blizzhackers/d2data	uniqueitems.json	{}
unique::husoldal-evo	181	Husoldal Evo	胡索丹‧依弗	9h9	Bec-de-Corbin	雙鋒戰戟	1	52	44	\N	5	5000	blizzhackers/d2data	uniqueitems.json	{}
unique::iceblink	87	Iceblink	冰雪眨眼	spl	Splint Mail	板甲	1	30	22	\N	5	5000	blizzhackers/d2data	uniqueitems.json	{}
unique::ichorsting	68	Ichorsting	靈液之刺	mxb	Crossbow	十字弓	1	24	18	\N	5	5000	blizzhackers/d2data	uniqueitems.json	{}
unique::infernostride	237	Infernostride	地獄闊步	xlb	Demonhide Boots	魔皮靴	1	37	29	\N	5	5000	blizzhackers/d2data	uniqueitems.json	{}
unique::iron-pelt	212	Iron Pelt	擲鐵	xtu	Trellised Armor	攀繞戰甲	1	41	33	\N	3	5000	blizzhackers/d2data	uniqueitems.json	{}
unique::ironstone	22	Ironstone	鐵石	whm	War Hammer	巨戰鐵鎚	1	36	27	\N	5	5000	blizzhackers/d2data	uniqueitems.json	{}
unique::islestrike	131	Islestrike	島擊	92a	Twin Axe	強化雙斧	1	51	43	\N	5	5000	blizzhackers/d2data	uniqueitems.json	{}
unique::jade-talon	308	Jade Talon	碧玉爪	7wb	Wrist Sword	腕劍	1	74	66	\N	5	5000	blizzhackers/d2data	uniqueitems.json	{}
unique::jalal-s-mane	287	Jalal's Mane	加爾的長髮	dra	Totemic Mask	圖騰面具狼盔	1	50	42	\N	5	5000	blizzhackers/d2data	uniqueitems.json	{}
unique::kelpie-snare	173	Kelpie Snare	水魔陷阱	9tr	Fuscina	魔鬼之叉	1	41	33	\N	5	5000	blizzhackers/d2data	uniqueitems.json	{}
unique::khalim-s-flail	127	Khalim's Flail	克林姆的連枷	qf1	Khalim's Flail	克林姆的連枷	1	0	0	\N	5	5000	blizzhackers/d2data	uniqueitems.json	{}
unique::khalim-s-will	128	Khalim's Will	克林姆的意志	qf2	Khalim's Will	克林姆的意志	1	0	0	\N	5	5000	blizzhackers/d2data	uniqueitems.json	{}
unique::kinemil-s-awl	35	Kinemil's Awl	金麥爾的錐子	gis	Giant Sword	大劍	1	31	23	\N	5	5000	blizzhackers/d2data	uniqueitems.json	{}
unique::kira-s-guardian	357	Kira's Guardian	奇拉的守護	ci2	Tiara	三重冠	1	85	77	\N	3	5000	blizzhackers/d2data	uniqueitems.json	{}
unique::knell-striker	15	Knell Striker	敲擊喪鐘者	scp	Scepter	權杖	1	7	5	\N	5	5000	blizzhackers/d2data	uniqueitems.json	{}
unique::kuko-shakaku	190	Kuko Shakaku	社角久子	8lb	Cedar Bow	杉木弓	1	41	33	\N	5	5000	blizzhackers/d2data	uniqueitems.json	{}
unique::lacerator	321	Lacerator	撕裂者	7b8	Winged Axe	翼斧	1	76	68	\N	5	5000	blizzhackers/d2data	uniqueitems.json	{}
unique::lance-guard	231	Lance Guard	長槍守衛	xpk	Barbed Shield	倒刺護盾	1	43	35	\N	3	5000	blizzhackers/d2data	uniqueitems.json	{}
unique::lance-of-yaggai	46	Lance of Yaggai	雅該長矛	spt	Spetum	大戰戟	1	30	22	\N	5	5000	blizzhackers/d2data	uniqueitems.json	{}
unique::langer-briser	196	Langer Briser	蘭格‧布里瑟	8lx	Arbalest	石弓	1	40	32	\N	5	5000	blizzhackers/d2data	uniqueitems.json	{}
unique::larzuk-s-champion	318	Larzuk's Champion	拉蘇克的鬥士		\N	\N	1	\N	\N	\N	5	5000	blizzhackers/d2data	uniqueitems.json	{}
unique::lava-gout	235	Lava Gout	熔岩角羊	xtg	Battle Gauntlets	戰場手套	1	50	42	\N	5	5000	blizzhackers/d2data	uniqueitems.json	{}
unique::leadcrow	67	Leadcrow	引導烏鴉	lxb	Light Crossbow	輕十字弓	1	12	9	\N	5	5000	blizzhackers/d2data	uniqueitems.json	{}
unique::lenymo	112	Lenymo	雷尼摩	lbl	Sash	飾帶	1	10	7	\N	5	5000	blizzhackers/d2data	uniqueitems.json	{}
unique::leviathan	317	Leviathan	海王利維亞桑	uld	Kraken Shell	海妖殼甲	1	73	65	\N	5	5000	blizzhackers/d2data	uniqueitems.json	{}
unique::lidless-wall	230	Lidless Wall	警戒之牆	xsh	Grim Shield	冷酷之盾	1	49	41	\N	3	5000	blizzhackers/d2data	uniqueitems.json	{}
unique::lightsabre	259	Lightsabre	光之軍刀	7cr	Phase Blade	幻化之刃	5	66	58	\N	5	5000	blizzhackers/d2data	uniqueitems.json	{}
unique::lycander-s-aim	282	Lycander's Aim	雷山德的指標	am7	Ceremonial Bow	祭典之弓	1	50	42	\N	5	5000	blizzhackers/d2data	uniqueitems.json	{}
unique::lycander-s-flank	283	Lycander's Flank	雷山德的側腹	am9	Ceremonial Pike	祭典之長矛	1	50	42	\N	5	5000	blizzhackers/d2data	uniqueitems.json	{}
unique::maelstrom	11	Maelstrom	漩渦	ywn	Yew Wand	紫杉之杖	1	19	14	\N	5	5000	blizzhackers/d2data	uniqueitems.json	{}
unique::magefist	105	Magefist	法師之拳	tgl	Light Gauntlets	輕型鐵手套	1	31	23	\N	5	5000	blizzhackers/d2data	uniqueitems.json	{}
unique::magewrath	194	Magewrath	巫師之怒	8sw	Rune Bow	符文之弓	1	51	43	\N	5	5000	blizzhackers/d2data	uniqueitems.json	{}
unique::manald-heal	121	Manald Heal	瑪那得的治療	rin	\N	\N	15	20	15	\N	5	5000	blizzhackers/d2data	uniqueitems.json	{}
unique::mang-song-s-lesson	322	Mang Song's Lesson	梅格之歌的教訓	6ws	Archon Staff	執政官之杖	1	86	82	\N	5	5000	blizzhackers/d2data	uniqueitems.json	{}
unique::mara-s-kaleidoscope	272	Mara's Kaleidoscope	馬拉的萬花筒	amu	\N	\N	5	80	67	\N	5	5000	blizzhackers/d2data	uniqueitems.json	{}
unique::marrowwalk	370	Marrowwalk	骨髓行走	umb	Boneweave Boots	骸骨靴	1	74	66	\N	5	5000	blizzhackers/d2data	uniqueitems.json	{}
unique::measured-wrath	411	Measured Wrath	Measured Wrath	wa6	Burnt Text	wa6	3	58	52	\N	3	5000	blizzhackers/d2data	uniqueitems.json	{}
unique::medusa-s-gaze	349	Medusa's Gaze	梅杜莎的凝視	uow	Aegis	塔盾	1	84	76	\N	3	5000	blizzhackers/d2data	uniqueitems.json	{}
unique::merman-s-sprocket	372	Merman's Sprocket	人魚的齒輪		\N	\N	\N	\N	\N	\N	\N	\N	blizzhackers/d2data	uniqueitems.json	{}
unique::messerschmidt-s-reaver	255	Messerschmidt's Reaver	希梅斯特的掠奪	7ga	Champion Axe	豪傑斧	1	75	70	\N	5	5000	blizzhackers/d2data	uniqueitems.json	{}
unique::metalgrid	375	Metalgrid	金屬網格	amu	\N	\N	2	85	81	\N	5	5000	blizzhackers/d2data	uniqueitems.json	{}
unique::moonfall	149	Moonfall	落月	9mt	Jagged Star	鋸齒流星鎚	1	50	42	\N	5	5000	blizzhackers/d2data	uniqueitems.json	{}
unique::moser-s-blessed-circle	225	Moser's Blessed Circle	摩西祝福之環	xml	Round Shield	圓型盾	1	39	31	\N	3	5000	blizzhackers/d2data	uniqueitems.json	{}
unique::nagelring	120	Nagelring	拿各的戒指	rin	\N	\N	15	10	7	\N	5	5000	blizzhackers/d2data	uniqueitems.json	{}
unique::nature-s-peace	300	Nature's Peace	大自然的和平	rin	\N	\N	3	77	69	\N	5	5000	blizzhackers/d2data	uniqueitems.json	{}
unique::nethercrow	352	Nethercrow	冥府烏鴉		\N	\N	1	\N	\N	\N	3	5000	blizzhackers/d2data	uniqueitems.json	{}
unique::nightsmoke	114	Nightsmoke	夜煙	mbl	Belt	扣帶	1	27	20	\N	5	5000	blizzhackers/d2data	uniqueitems.json	{}
unique::nightwing-s-veil	343	Nightwing's Veil	夜翼面紗	uhm	Spired Helm	螺旋頭盔	1	75	67	\N	3	5000	blizzhackers/d2data	uniqueitems.json	{}
unique::nokozan-relic	117	Nokozan Relic	諾科藍遺物	amu	\N	\N	20	14	10	\N	5	5000	blizzhackers/d2data	uniqueitems.json	{}
unique::nord-s-tenderizer	384	Nord's Tenderizer	諾德的蝕肉藥	7cl	Truncheon	戰儀杖	1	76	68	\N	3	5000	blizzhackers/d2data	uniqueitems.json	{}
unique::nosferatu-s-coil	374	Nosferatu's Coil	吸血聖王之圈	uvc	Vampirefang Belt	吸血鬼燎牙腰帶	1	68	51	\N	5	5000	blizzhackers/d2data	uniqueitems.json	{}
unique::odium	305	Odium	厭惡		\N	\N	1	\N	\N	\N	5	5000	blizzhackers/d2data	uniqueitems.json	{}
unique::ondal-s-wisdom	388	Ondal's Wisdom	安戴爾的智慧	6cs	Elder Staff	長老之杖	1	74	66	\N	3	5000	blizzhackers/d2data	uniqueitems.json	{}
unique::opalvein	416	Opalvein	Opalvein	rin	\N	\N	1	58	50	\N	3	5000	blizzhackers/d2data	uniqueitems.json	{}
unique::ormus-robes	358	Ormus' Robes	奧瑪斯的長袍	uui	Dusk Shroud	灰暮壽衣	1	83	75	\N	3	5000	blizzhackers/d2data	uniqueitems.json	{}
unique::peasant-crown	201	Peasant Crown	粗野之冠	xap	War Hat	戰帽	1	36	28	\N	3	5000	blizzhackers/d2data	uniqueitems.json	{}
unique::pelta-lunata	94	Pelta Lunata	新月小盾	buc	Buckler	圓盾	1	3	2	\N	5	5000	blizzhackers/d2data	uniqueitems.json	{}
unique::pierre-tombale-couant	180	Pierre Tombale Couant	皮爾‧通把‧考恩特	9pa	Partizan	戰戟	1	51	43	\N	5	5000	blizzhackers/d2data	uniqueitems.json	{}
unique::plague-bearer	160	Plague Bearer	疫病帶原者	9ls	Rune Sword	符文劍	1	49	41	\N	5	5000	blizzhackers/d2data	uniqueitems.json	{}
unique::pluckeye	59	Pluckeye	勇氣之眼	sbw	Short Bow	短弓	1	10	7	\N	5	5000	blizzhackers/d2data	uniqueitems.json	{}
unique::pompeii-s-wrath	132	Pompeii's Wrath	龐貝之怒	9mp	Crowbill	喙鉗	1	53	45	\N	5	5000	blizzhackers/d2data	uniqueitems.json	{}
unique::precrafted-black-cleft	432	PreCrafted Black Cleft	PreCrafted Black Cleft	cm3	\N	\N	2	69	75	\N	3	5000	blizzhackers/d2data	uniqueitems.json	{}
unique::precrafted-bone-break	431	PreCrafted Bone Break	PreCrafted Bone Break	cm3	\N	\N	2	69	75	\N	3	5000	blizzhackers/d2data	uniqueitems.json	{}
unique::precrafted-cold-rupture	426	PreCrafted Cold Rupture	PreCrafted Cold Rupture	cm3	\N	\N	2	69	75	\N	3	5000	blizzhackers/d2data	uniqueitems.json	{}
unique::precrafted-crack-of-the-heavens	429	PreCrafted Crack of the Heavens	PreCrafted Crack of the Heavens	cm3	\N	\N	2	69	75	\N	3	5000	blizzhackers/d2data	uniqueitems.json	{}
unique::precrafted-flame-rift	428	PreCrafted Flame Rift	PreCrafted Flame Rift	cm3	\N	\N	2	69	75	\N	3	5000	blizzhackers/d2data	uniqueitems.json	{}
unique::precrafted-rotting-fissure	430	PreCrafted Rotting Fissure	PreCrafted Rotting Fissure	cm3	\N	\N	2	69	75	\N	3	5000	blizzhackers/d2data	uniqueitems.json	{}
unique::protector-s-frost	422	Protector's Frost	Protector's Frost	cjw	\N	\N	1	110	75	\N	3	5000	blizzhackers/d2data	uniqueitems.json	{}
unique::protector-s-stone	424	Protector's Stone	Protector's Stone	cjw	\N	\N	1	110	75	\N	3	5000	blizzhackers/d2data	uniqueitems.json	{}
unique::pus-spitter	197	Pus Spitter	毒液怪	8mx	Siege Crossbow	攻城十字弓	1	44	36	\N	5	5000	blizzhackers/d2data	uniqueitems.json	{}
unique::que-hegan-s-wisdom	223	Que-Hegan's Wisdom	魁黑剛的智慧	xtp	Mage Plate	法師鎧甲	1	59	51	\N	3	5000	blizzhackers/d2data	uniqueitems.json	{}
unique::radament-s-sphere	229	Radament's Sphere	羅達門特之球體	xts	Ancient Shield	古代之盾	1	58	50	\N	3	5000	blizzhackers/d2data	uniqueitems.json	{}
unique::rainbow-facet	392	Rainbow Facet	彩虹刻面	jew	\N	\N	1	85	49	\N	3	5000	blizzhackers/d2data	uniqueitems.json	{}
unique::rainbow-facet	393	Rainbow Facet	彩虹刻面	jew	\N	\N	1	85	49	\N	3	5000	blizzhackers/d2data	uniqueitems.json	{}
unique::rainbow-facet	394	Rainbow Facet	彩虹刻面	jew	\N	\N	1	85	49	\N	3	5000	blizzhackers/d2data	uniqueitems.json	{}
unique::rainbow-facet	395	Rainbow Facet	彩虹刻面	jew	\N	\N	1	85	49	\N	3	5000	blizzhackers/d2data	uniqueitems.json	{}
unique::rainbow-facet	396	Rainbow Facet	彩虹刻面	jew	\N	\N	1	85	49	\N	3	5000	blizzhackers/d2data	uniqueitems.json	{}
unique::rainbow-facet	397	Rainbow Facet	彩虹刻面	jew	\N	\N	1	85	49	\N	3	5000	blizzhackers/d2data	uniqueitems.json	{}
unique::rainbow-facet	398	Rainbow Facet	彩虹刻面	jew	\N	\N	1	85	49	\N	3	5000	blizzhackers/d2data	uniqueitems.json	{}
unique::rainbow-facet	399	Rainbow Facet	彩虹刻面	jew	\N	\N	1	85	49	\N	3	5000	blizzhackers/d2data	uniqueitems.json	{}
unique::rakescar	4	Rakescar	火鉤之傷	wax	War Axe	巨戰斧	1	36	27	\N	5	5000	blizzhackers/d2data	uniqueitems.json	{}
unique::rattlecage	90	Rattlecage	作響之籠	gth	Gothic Plate	哥德戰甲	1	39	29	\N	5	5000	blizzhackers/d2data	uniqueitems.json	{}
unique::raven-claw	61	Raven Claw	渡鳥之爪	lbw	Long Bow	長弓	1	20	15	\N	5	5000	blizzhackers/d2data	uniqueitems.json	{}
unique::raven-frost	275	Raven Frost	烏鴉之霜	rin	\N	\N	10	53	45	\N	5	5000	blizzhackers/d2data	uniqueitems.json	{}
unique::ravenlore	350	Ravenlore	烏鴉之王	dre	Sky Spirit	天空之靈	1	82	74	\N	3	5000	blizzhackers/d2data	uniqueitems.json	{}
unique::razor-s-edge	294	Razor's Edge	刀鋒邊緣	7ha	Tomahawk	戰鉞	1	75	67	\N	5	5000	blizzhackers/d2data	uniqueitems.json	{}
unique::razorswitch	183	Razorswitch	擺動剃刀	8ss	Jo Staff	喬木棒	1	36	28	\N	5	5000	blizzhackers/d2data	uniqueitems.json	{}
unique::razortail	243	Razortail	剃刀之尾	zvb	Sharkskin Belt	鯊皮腰帶	1	39	32	\N	5	5000	blizzhackers/d2data	uniqueitems.json	{}
unique::razortine	44	Razortine	剃刀之叉	tri	Trident	三叉戟	1	16	12	\N	5	5000	blizzhackers/d2data	uniqueitems.json	{}
unique::ribcracker	184	Ribcracker	肋骨粉碎者	8ls	Quarterstaff	六尺棍	1	39	31	\N	5	5000	blizzhackers/d2data	uniqueitems.json	{}
unique::riphook	189	Riphook	撕裂之鉤	8hb	Razor Bow	剃刀之弓	1	39	31	\N	5	5000	blizzhackers/d2data	uniqueitems.json	{}
unique::ripsaw	37	Ripsaw	粗齒大鋸	flb	Flamberge	雙手飾劍	1	35	26	\N	5	5000	blizzhackers/d2data	uniqueitems.json	{}
unique::rixot-s-keen	25	Rixot's Keen	瑞克撒特的輓歌	ssd	Short Sword	短劍	1	3	2	\N	5	5000	blizzhackers/d2data	uniqueitems.json	{}
unique::rockfleece	89	Rockfleece	石之毛	fld	Field Plate	實戰鎧甲	1	38	28	\N	5	5000	blizzhackers/d2data	uniqueitems.json	{}
unique::rockstopper	202	Rockstopper	岩石制動器	xkp	Sallet	輕便頭盔	1	39	31	\N	3	5000	blizzhackers/d2data	uniqueitems.json	{}
unique::rogue-s-bow	62	Rogue's Bow	蘿格之弓	cbw	Composite Bow	組合弓	1	27	20	\N	5	5000	blizzhackers/d2data	uniqueitems.json	{}
unique::rotting-fissure	404	Rotting Fissure	Rotting Fissure	cm3	\N	\N	1	69	75	\N	3	5000	blizzhackers/d2data	uniqueitems.json	{}
unique::rune-master	313	Rune Master	符文大師	72a	Ettin Axe	雙頭斧	1	80	72	\N	5	5000	blizzhackers/d2data	uniqueitems.json	{}
unique::rusthandle	16	Rusthandle	腐蝕的把手	gsc	Grand Scepter	雄偉權杖	1	23	17	\N	5	5000	blizzhackers/d2data	uniqueitems.json	{}
unique::sandstorm-trek	369	Sandstorm Trek	沙暴之旅	uvb	Scarabshell Boots	聖甲蟲殼靴	1	72	64	\N	5	5000	blizzhackers/d2data	uniqueitems.json	{}
unique::saracen-s-chance	277	Saracen's Chance	薩拉森的機會	amu	\N	\N	5	55	47	\N	5	5000	blizzhackers/d2data	uniqueitems.json	{}
unique::schaefer-s-hammer	257	Schaefer's Hammer	史恰佛之鎚	7wh	Legendary Mallet	傳說之鎚	1	83	79	\N	5	5000	blizzhackers/d2data	uniqueitems.json	{}
unique::seraph-s-hymn	302	Seraph's Hymn	熾天使之韻	amu	\N	\N	3	73	65	\N	5	5000	blizzhackers/d2data	uniqueitems.json	{}
unique::serpent-lord	55	Serpent Lord	海蛇之王	lst	Long Staff	長棍	1	12	9	\N	5	5000	blizzhackers/d2data	uniqueitems.json	{}
unique::shadow-dancer	309	Shadow Dancer	影舞者	uhb	Myrmidon Greaves	極速靴	1	79	71	\N	5	5000	blizzhackers/d2data	uniqueitems.json	{}
unique::shadow-killer	334	Shadow Killer	影殺者	7cs	Battle Cestus	鬥腰刀	1	85	78	\N	5	5000	blizzhackers/d2data	uniqueitems.json	{}
unique::shadowfang	33	Shadowfang	影之牙	2hs	Two-Handed Sword	雙手劍	1	16	12	\N	5	5000	blizzhackers/d2data	uniqueitems.json	{}
unique::shaftstop	215	Shaftstop	謝夫特斯坦布	xhn	Mesh Armor	織網戰甲	1	46	38	\N	3	5000	blizzhackers/d2data	uniqueitems.json	{}
unique::siggard-s-stealth	377	Siggard's Stealth	席嘉德的隱藏		\N	\N	1	\N	\N	\N	5	5000	blizzhackers/d2data	uniqueitems.json	{}
unique::silks-of-the-victor	92	Silks of the Victor	勝利者之絲綢	aar	Ancient Armor	古代裝甲	1	38	28	\N	5	5000	blizzhackers/d2data	uniqueitems.json	{}
unique::silkweave	239	Silkweave	紗織	xmb	Mesh Boots	織網之靴	1	44	36	\N	5	5000	blizzhackers/d2data	uniqueitems.json	{}
unique::skewer-of-krintiz	27	Skewer of Krintiz	格林提斯的肉叉	sbr	Saber	軍刀	1	14	10	\N	5	5000	blizzhackers/d2data	uniqueitems.json	{}
unique::skin-of-the-flayed-one	211	Skin of the Flayed One	剝皮者之皮	xla	Demonhide Armor	魔皮戰甲	1	39	31	\N	3	5000	blizzhackers/d2data	uniqueitems.json	{}
unique::skin-of-the-vipermagi	210	Skin of the Vipermagi	蛇魔法師之皮	xea	Serpentskin Armor	海蛇皮甲	1	37	29	\N	3	5000	blizzhackers/d2data	uniqueitems.json	{}
unique::skull-collector	187	Skull Collector	骷髏收集者	8ws	Rune Staff	符文之棍	1	49	41	\N	5	5000	blizzhackers/d2data	uniqueitems.json	{}
unique::skull-splitter	3	Skull Splitter	切開骷髏	mpi	Military Pick	軍用鍬	1	28	21	\N	5	5000	blizzhackers/d2data	uniqueitems.json	{}
unique::skullder-s-ire	217	Skullder's Ire	詩寇蒂的憤怒	xpl	Russet Armor	羅瑟戰甲	1	50	42	\N	3	5000	blizzhackers/d2data	uniqueitems.json	{}
unique::skystrike	188	Skystrike	天擊	8sb	Edge Bow	鋒銳之弓	1	36	28	\N	5	5000	blizzhackers/d2data	uniqueitems.json	{}
unique::sling	415	Sling	Sling	rin	\N	\N	1	58	50	\N	3	5000	blizzhackers/d2data	uniqueitems.json	{}
unique::snakecord	113	Snakecord	蛇索	vbl	Light Belt	輕扣帶	1	16	12	\N	5	5000	blizzhackers/d2data	uniqueitems.json	{}
unique::snowclash	245	Snowclash	雪之衝突	ztb	Battle Belt	戰場腰帶	1	49	42	\N	5	5000	blizzhackers/d2data	uniqueitems.json	{}
unique::soul-drainer	312	Soul Drainer	吸魂者	umg	Vambraces	吸血鬼手套	1	82	74	\N	5	5000	blizzhackers/d2data	uniqueitems.json	{}
unique::soul-harvest	50	Soul Harvest	靈魂採集者	scy	Scythe	鐮刀	1	26	19	\N	5	5000	blizzhackers/d2data	uniqueitems.json	{}
unique::soulfeast-tine	174	Soulfeast Tine	噬魂叉	9br	War Fork	巨戰之叉	1	43	35	\N	5	5000	blizzhackers/d2data	uniqueitems.json	{}
unique::soulflay	34	Soulflay	剝皮靈魂	clm	Claymore	雙刃大刀	1	26	19	\N	5	5000	blizzhackers/d2data	uniqueitems.json	{}
unique::sparking-mail	85	Sparking Mail	火花之甲	chn	Chain Mail	鎖子甲	1	23	17	\N	5	5000	blizzhackers/d2data	uniqueitems.json	{}
unique::spectral-shard	42	Spectral Shard	妖怪碎片	bld	Blade	短刀	1	34	25	\N	5	5000	blizzhackers/d2data	uniqueitems.json	{}
unique::spellsteel	135	Spellsteel	鋼鐵魔咒	9ba	Bearded Axe	鉤斧	1	47	39	\N	5	5000	blizzhackers/d2data	uniqueitems.json	{}
unique::spike-thorn	363	Spike Thorn	尖刺根源	upk	Blade Barrier	刀刃刺盾	1	78	70	\N	5	5000	blizzhackers/d2data	uniqueitems.json	{}
unique::spineripper	168	Spineripper	裂脊者	9dg	Poignard	銳匕	1	40	32	\N	5	5000	blizzhackers/d2data	uniqueitems.json	{}
unique::spire-of-honor	176	Spire of Honor	榮耀的尖塔	9p9	Lance	長槍	1	47	39	\N	5	5000	blizzhackers/d2data	uniqueitems.json	{}
unique::spire-of-lazarus	56	Spire of Lazarus	拉撒羅斯之螺旋	cst	Gnarled Staff	多節棍	1	24	18	\N	5	5000	blizzhackers/d2data	uniqueitems.json	{}
unique::spirit-forge	213	Spirit Forge	靈魂熔爐	xng	Linked Mail	連扣戰甲	1	43	35	\N	3	5000	blizzhackers/d2data	uniqueitems.json	{}
unique::spirit-keeper	327	Spirit Keeper	靈魂看守者	drd	Earth Spirit	大地之靈	1	75	67	\N	5	5000	blizzhackers/d2data	uniqueitems.json	{}
unique::spirit-ward	356	Spirit Ward	魂系結界	uts	Ward	保護盾牌	1	76	68	\N	3	5000	blizzhackers/d2data	uniqueitems.json	{}
unique::staff-of-kings	124	Staff of Kings	國王之杖	msf	Staff of Kings	赫拉迪克之杖的轉軸	1	0	0	\N	5	5000	blizzhackers/d2data	uniqueitems.json	{}
unique::stealskull	203	Stealskull	偷取骷髏	xlm	Casque	無頰頭盔	1	43	35	\N	3	5000	blizzhackers/d2data	uniqueitems.json	{}
unique::steel-carapace	348	Steel Carapace	鋼鐵鎧甲	uul	Shadow Plate	陰影鎧甲	1	74	66	\N	3	5000	blizzhackers/d2data	uniqueitems.json	{}
unique::steel-pillar	342	Steel Pillar	鐵柱	7p7	War Pike	戰槍	1	77	69	\N	3	5000	blizzhackers/d2data	uniqueitems.json	{}
unique::steel-shade	297	Steel Shade	鋼影	ulm	Armet	活動頭盔	1	70	62	\N	5	5000	blizzhackers/d2data	uniqueitems.json	{}
unique::steelclash	99	Steelclash	作響的金屬	kit	Kite Shield	輕盾	1	23	17	\N	5	5000	blizzhackers/d2data	uniqueitems.json	{}
unique::steeldriver	24	Steeldriver	鐵製大鎚	gma	Great Maul	卓越巨棍	1	39	29	\N	5	5000	blizzhackers/d2data	uniqueitems.json	{}
unique::steelgoad	49	Steelgoad	鐵刺棒	vou	Voulge	鉤鐮槍	1	19	14	\N	5	5000	blizzhackers/d2data	uniqueitems.json	{}
unique::steelrend	391	Steelrend	碎鋼	uhg	Ogre Gauntlets	食人魔鐵手套	1	78	70	\N	3	5000	blizzhackers/d2data	uniqueitems.json	{}
unique::stone-crusher	307	Stone Crusher	碎石者	7wh	Legendary Mallet	傳說之鎚	4	76	68	\N	5	5000	blizzhackers/d2data	uniqueitems.json	{}
unique::stoneraven	316	Stoneraven	石烏鴉	amd	Matriarchal Spear	女族長之矛	1	72	64	\N	5	5000	blizzhackers/d2data	uniqueitems.json	{}
unique::stormchaser	226	Stormchaser	風暴追逐者	xrg	Scutum	鱗盾	1	43	35	\N	3	5000	blizzhackers/d2data	uniqueitems.json	{}
unique::stormeye	17	Stormeye	暴風眼	wsp	War Scepter	巨戰權杖	1	31	23	\N	5	5000	blizzhackers/d2data	uniqueitems.json	{}
unique::stormguild	96	Stormguild	暴風公會	lrg	Large Shield	大盾牌	1	18	13	\N	5	5000	blizzhackers/d2data	uniqueitems.json	{}
unique::stormlash	360	Stormlash	暴風之結	7fl	Scourge	天罰之錘	1	86	82	\N	3	5000	blizzhackers/d2data	uniqueitems.json	{}
unique::stormrider	136	Stormrider	暴風騎士	9bt	Tabar	戰鬥斧	1	49	41	\N	5	5000	blizzhackers/d2data	uniqueitems.json	{}
unique::stormshield	253	Stormshield	暴風之盾	uit	Monarch	統治者大盾	1	77	73	\N	3	5000	blizzhackers/d2data	uniqueitems.json	{}
unique::stormspike	171	Stormspike	暴風尖刺	9bl	Stilleto	小劍	1	49	41	\N	5	5000	blizzhackers/d2data	uniqueitems.json	{}
unique::stormspire	264	Stormspire	暴風尖塔	7wc	Giant Thresher	鮫尾巨斧	1	78	70	\N	5	5000	blizzhackers/d2data	uniqueitems.json	{}
unique::stormstrike	63	Stormstrike	暴風之擊	sbb	Short Battle Bow	短戰鬥弓	1	34	25	\N	5	5000	blizzhackers/d2data	uniqueitems.json	{}
unique::stoutnail	18	Stoutnail	堅硬的指甲	spc	Spiked Club	狼牙棒	1	7	5	\N	5	5000	blizzhackers/d2data	uniqueitems.json	{}
unique::string-of-ears	242	String of Ears	長串之耳	zlb	Demonhide Sash	魔皮勳帶	1	37	29	\N	5	5000	blizzhackers/d2data	uniqueitems.json	{}
unique::suicide-branch	139	Suicide Branch	自殺支系	9wn	Burnt Wand	燒焦之杖	1	41	33	\N	5	5000	blizzhackers/d2data	uniqueitems.json	{}
unique::sureshrill-frost	148	Sureshrill Frost	尖嘯冰霜	9ma	Flanged Mace	凸緣釘頭錘	1	47	39	\N	5	5000	blizzhackers/d2data	uniqueitems.json	{}
unique::swordback-hold	98	Swordback Hold	劍背之架	spk	Spiked Shield	尖刺盾牌	1	20	15	\N	5	5000	blizzhackers/d2data	uniqueitems.json	{}
unique::swordguard	167	Swordguard	劍衛	9gd	Executioner Sword	死刑之劍	1	55	48	\N	5	5000	blizzhackers/d2data	uniqueitems.json	{}
unique::tarnhelm	72	Tarnhelm	塔因頭盔	skp	Skull Cap	骷髏帽	1	20	15	\N	5	5000	blizzhackers/d2data	uniqueitems.json	{}
unique::tearhaunch	111	Tearhaunch	淚之臀	hbt	Greaves	護脛	1	39	29	\N	5	5000	blizzhackers/d2data	uniqueitems.json	{}
unique::templar-s-might	366	Templar's Might	聖堂武士的力量	uar	Sacred Armor	神聖盔甲	8	82	74	\N	5	5000	blizzhackers/d2data	uniqueitems.json	{}
unique::the-atlantean	161	The Atlantean	亞特拉斯	9wd	Ancient Sword	古代之劍	1	50	42	\N	5	5000	blizzhackers/d2data	uniqueitems.json	{}
unique::the-battlebranch	51	The Battlebranch	戰鬥支系	pax	Poleaxe	長柄戰斧	1	34	25	\N	5	5000	blizzhackers/d2data	uniqueitems.json	{}
unique::the-cat-s-eye	269	The Cat's Eye	貓眼	amu	\N	\N	5	58	50	\N	5	5000	blizzhackers/d2data	uniqueitems.json	{}
unique::the-centurion	81	The Centurion	百夫長	hla	Hard Leather Armor	硬皮甲	1	19	14	\N	5	5000	blizzhackers/d2data	uniqueitems.json	{}
unique::the-chieftain	7	The Chieftain	族長	btx	Battle Axe	戰鬥斧	1	26	19	\N	5	5000	blizzhackers/d2data	uniqueitems.json	{}
unique::the-cranium-basher	258	The Cranium Basher	碎腦鎚	7gm	Thunder Maul	雷錘	1	85	87	\N	5	5000	blizzhackers/d2data	uniqueitems.json	{}
unique::the-diggler	40	The Diggler	迪格勒	dir	Dirk	長匕首	1	15	11	\N	5	5000	blizzhackers/d2data	uniqueitems.json	{}
unique::the-dragon-chang	43	The Dragon Chang	張龍	spr	Spear	長矛	1	11	8	\N	5	5000	blizzhackers/d2data	uniqueitems.json	{}
unique::the-eye-of-etlich	118	The Eye of Etlich	艾利屈之眼	amu	\N	\N	5	20	15	\N	5	5000	blizzhackers/d2data	uniqueitems.json	{}
unique::the-face-of-horror	78	The Face of Horror	恐懼之臉	msk	Mask	面具	1	27	20	\N	5	5000	blizzhackers/d2data	uniqueitems.json	{}
unique::the-fetid-sprinkler	145	The Fetid Sprinkler	惡臭散佈者	9qs	Holy Water Sprinkler	聖水噴杖	1	46	38	\N	5	5000	blizzhackers/d2data	uniqueitems.json	{}
unique::the-gavel-of-pain	153	The Gavel of Pain	痛苦木槌	9gm	Martel de Fer	戰槌	1	53	45	\N	5	5000	blizzhackers/d2data	uniqueitems.json	{}
unique::the-general-s-tan-do-li-ga	21	The General's Tan Do Li Ga	坦-杜-裡-嘎將軍	fla	Flail	連枷	1	28	21	\N	5	5000	blizzhackers/d2data	uniqueitems.json	{}
unique::the-gladiator-s-bane	250	The Gladiator's Bane	鬥士的禍根	utu	Wire Fleece	線羊毛皮甲	1	85	85	\N	3	5000	blizzhackers/d2data	uniqueitems.json	{}
unique::the-gnasher	0	The Gnasher	牙齒	hax	Hand Axe	手斧	1	7	5	\N	5	5000	blizzhackers/d2data	uniqueitems.json	{}
unique::the-grandfather	261	The Grandfather	祖父	7gd	Colossus Blade	巨神之刃	1	85	81	\N	5	5000	blizzhackers/d2data	uniqueitems.json	{}
unique::the-grim-reaper	53	The Grim Reaper	冷酷開膛手	wsc	War Scythe	巨戰鐮刀	1	39	29	\N	5	5000	blizzhackers/d2data	uniqueitems.json	{}
unique::the-hand-of-broc	102	The Hand of Broc	柏克之手	lgl	Leather Gloves	皮手套	1	7	5	\N	5	5000	blizzhackers/d2data	uniqueitems.json	{}
unique::the-impaler	172	The Impaler	穿刺者	9sr	War Spear	巨戰長矛	1	39	31	\N	5	5000	blizzhackers/d2data	uniqueitems.json	{}
unique::the-iron-jang-bong	58	The Iron Jang Bong	鐵檢棒	wst	War Staff	巨戰法杖	1	38	28	\N	5	5000	blizzhackers/d2data	uniqueitems.json	{}
unique::the-jade-tan-do	41	The Jade Tan Do	坦杜之玉	kri	Kriss	波形刀	1	26	19	\N	5	5000	blizzhackers/d2data	uniqueitems.json	{}
unique::the-mahim-oak-curio	119	The Mahim-Oak Curio	瑪哈姆橡木古董	amu	\N	\N	10	34	25	\N	5	5000	blizzhackers/d2data	uniqueitems.json	{}
unique::the-meat-scraper	177	The Meat Scraper	刮肉者	9b7	Lochaber Axe	羅佳柏斧	1	49	41	\N	5	5000	blizzhackers/d2data	uniqueitems.json	{}
unique::the-minotaur	138	The Minotaur	牛頭怪	9gi	Ancient Axe	古代之斧	1	53	45	\N	5	5000	blizzhackers/d2data	uniqueitems.json	{}
unique::the-oculus	284	The Oculus	眼球	oba	Swirling Crystal	渦流水晶	1	50	42	\N	5	5000	blizzhackers/d2data	uniqueitems.json	{}
unique::the-patriarch	38	The Patriarch	族長	gsd	Great Sword	卓越之劍	1	39	29	\N	5	5000	blizzhackers/d2data	uniqueitems.json	{}
unique::the-reaper-s-toll	326	The Reaper's Toll	死神的喪鐘	7s8	Thresher	銳利之斧	1	83	75	\N	5	5000	blizzhackers/d2data	uniqueitems.json	{}
unique::the-redeemer	389	The Redeemer	懺悔者	7sc	Mighty Scepter	強威權杖	1	80	72	\N	3	5000	blizzhackers/d2data	uniqueitems.json	{}
unique::the-rising-sun	270	The Rising Sun	旭日東昇	amu	\N	\N	5	73	65	\N	5	5000	blizzhackers/d2data	uniqueitems.json	{}
unique::the-salamander	57	The Salamander	火精靈	bst	Battle Staff	戰鬥法杖	1	28	21	\N	5	5000	blizzhackers/d2data	uniqueitems.json	{}
unique::the-scalper	288	The Scalper	圓鑿	9ta	Francisca	法蘭飛斧	1	65	57	\N	5	5000	blizzhackers/d2data	uniqueitems.json	{}
unique::the-spirit-shroud	209	The Spirit Shroud	靈魂帷幕	xui	Ghost Armor	鬼魂戰甲	1	36	28	\N	3	5000	blizzhackers/d2data	uniqueitems.json	{}
unique::the-stone-of-jordan	122	The Stone of Jordan	喬丹之石	rin	\N	\N	1	39	29	\N	5	5000	blizzhackers/d2data	uniqueitems.json	{}
unique::the-tannr-gorerod	47	The Tannr Gorerod	坦之血杖	pik	Pike	矛	1	36	27	\N	5	5000	blizzhackers/d2data	uniqueitems.json	{}
unique::the-vile-husk	164	The Vile Husk	卑劣軀殼	9gs	Tusk Sword	長牙劍	1	52	44	\N	5	5000	blizzhackers/d2data	uniqueitems.json	{}
unique::the-ward	101	The Ward	囚房	gts	Gothic Shield	哥德盾牌	1	35	26	\N	5	5000	blizzhackers/d2data	uniqueitems.json	{}
unique::thundergod-s-vigor	246	Thundergod's Vigor	雷神之力	zhb	War Belt	巨戰腰帶	1	55	47	\N	5	5000	blizzhackers/d2data	uniqueitems.json	{}
unique::thunderstroke	338	Thunderstroke	雷擊	amf	Matriarchal Javelin	女族長之鏢槍	1	77	69	\N	5	5000	blizzhackers/d2data	uniqueitems.json	{}
unique::tiamat-s-rebuke	227	Tiamat's Rebuke	魔龍的非難	xit	Dragon Shield	龍盾	1	46	38	\N	3	5000	blizzhackers/d2data	uniqueitems.json	{}
unique::titan-s-revenge	281	Titan's Revenge	泰坦的復仇	ama	Ceremonial Javelin	祭典之鏢槍	1	50	42	\N	5	5000	blizzhackers/d2data	uniqueitems.json	{}
unique::todesfaelle-flamme	166	Todesfaelle Flamme	特迪斯法雷‧芙法米	9fb	Zweihander	瑞韓德之劍	1	54	46	\N	5	5000	blizzhackers/d2data	uniqueitems.json	{}
unique::tomb-reaver	298	Tomb Reaver	盜墓者	7pa	Cryptic Axe	神秘之斧	1	86	84	\N	5	5000	blizzhackers/d2data	uniqueitems.json	{}
unique::toothrow	219	Toothrow	排齒	xld	Sharktooth Armor	鯊齒戰甲	1	56	48	\N	3	5000	blizzhackers/d2data	uniqueitems.json	{}
unique::torch-of-iro	10	Torch of Iro	衣洛的火炬	wnd	Wand	法杖	1	7	5	\N	5	5000	blizzhackers/d2data	uniqueitems.json	{}
unique::treads-of-cthon	109	Treads of Cthon	凱松的征服	mbt	Chain Boots	鎖鍊靴	1	20	15	\N	5	5000	blizzhackers/d2data	uniqueitems.json	{}
unique::twitchthroe	82	Twitchthroe	抽動的掙扎	stu	Studded Leather	鑲嵌甲	1	22	16	\N	5	5000	blizzhackers/d2data	uniqueitems.json	{}
unique::tyrael-s-might	311	Tyrael's Might	泰瑞爾的力量	uar	Sacred Armor	神聖盔甲	1	87	84	\N	5	5000	blizzhackers/d2data	uniqueitems.json	{}
unique::umbral-disk	95	Umbral Disk	陰影圓盤	sml	Small Shield	小盾牌	1	12	9	\N	5	5000	blizzhackers/d2data	uniqueitems.json	{}
unique::ume-s-lament	13	Ume's Lament	烏米的慟哭	gwn	Grim Wand	殘酷之杖	1	38	28	\N	5	5000	blizzhackers/d2data	uniqueitems.json	{}
unique::undead-crown	77	Undead Crown	不死皇冠	crn	Crown	皇冠	1	39	29	\N	5	5000	blizzhackers/d2data	uniqueitems.json	{}
unique::unique-warlock-helm	419	Unique Warlock Helm	Unique Warlock Helm	xsk	Death Mask	死亡面具	2	55	50	\N	3	5000	blizzhackers/d2data	uniqueitems.json	{}
unique::valkyrie-wing	205	Valkyrie Wing	女神之翼	xhm	Winged Helm	翼盔	1	52	44	\N	3	5000	blizzhackers/d2data	uniqueitems.json	{}
unique::vampire-gaze	208	Vampire Gaze	吸血鬼的凝視	xh9	Grim Helm	殘酷頭盔	1	49	41	\N	3	5000	blizzhackers/d2data	uniqueitems.json	{}
unique::veil-of-steel	249	Veil of Steel	鋼鐵面紗	uhm	Spired Helm	螺旋頭盔	1	77	73	\N	3	5000	blizzhackers/d2data	uniqueitems.json	{}
unique::venom-grip	232	Venom Grip	劇毒之抓	xlg	Demonhide Gloves	魔皮手套	1	37	29	\N	5	5000	blizzhackers/d2data	uniqueitems.json	{}
unique::venom-ward	86	Venom Ward	毒液牢房	brs	Breast Plate	胸甲	1	27	20	\N	5	5000	blizzhackers/d2data	uniqueitems.json	{}
unique::verdungo-s-hearty-cord	376	Verdungo's Hearty Cord	維爾登戈的心結	umc	Mithril Coil	秘銀腰帶	1	71	63	\N	5	5000	blizzhackers/d2data	uniqueitems.json	{}
unique::viperfork	323	Viperfork	蝮蛇叉	7br	Mancatcher	刺人槍	1	79	71	\N	5	5000	blizzhackers/d2data	uniqueitems.json	{}
unique::visceratuant	224	Visceratuant	維斯爾坦特	xuc	Defender	防禦盾	1	36	28	\N	3	5000	blizzhackers/d2data	uniqueitems.json	{}
unique::wall-of-the-eyeless	97	Wall of the Eyeless	無眼之牆	bsh	Bone Shield	白骨盾牌	1	27	20	\N	5	5000	blizzhackers/d2data	uniqueitems.json	{}
unique::war-traveler	240	War Traveler	戰爭旅者	xtb	Battle Boots	戰場之靴	1	50	42	\N	5	5000	blizzhackers/d2data	uniqueitems.json	{}
unique::warlord-s-trust	134	Warlord's Trust	戰爵之證	9la	Military Axe	軍斧	1	43	35	\N	5	5000	blizzhackers/d2data	uniqueitems.json	{}
unique::warpspear	186	Warpspear	扭曲之矛	8bs	Gothic Staff	哥德之棍	1	47	39	\N	5	5000	blizzhackers/d2data	uniqueitems.json	{}
unique::warriv-s-warder	362	Warriv's Warder	瓦瑞夫的權杖		\N	\N	1	\N	\N	\N	3	5000	blizzhackers/d2data	uniqueitems.json	{}
unique::warshrike	292	Warshrike	戰爭之鳥	7bk	Winged Knife	翼刀	1	83	75	\N	5	5000	blizzhackers/d2data	uniqueitems.json	{}
unique::waterwalk	238	Waterwalk	水上飄	xvb	Sharkskin Boots	鯊皮之靴	1	40	32	\N	5	5000	blizzhackers/d2data	uniqueitems.json	{}
unique::widowmaker	331	Widowmaker	戮夫刃	6sw	Ward Bow	庇護之弓	1	73	65	\N	5	5000	blizzhackers/d2data	uniqueitems.json	{}
unique::windforce	266	Windforce	風之力	6lw	Hydra Bow	九頭蛇弓	1	80	73	\N	5	5000	blizzhackers/d2data	uniqueitems.json	{}
unique::windhammer	337	Windhammer	風之鎚	7m7	Ogre Maul	食人魔之錘	1	76	68	\N	5	5000	blizzhackers/d2data	uniqueitems.json	{}
unique::wisp-projector	319	Wisp Projector	鬼火投射者	rin	\N	\N	1	84	76	\N	5	5000	blizzhackers/d2data	uniqueitems.json	{}
unique::witchwild-string	192	Witchwild String	狂野之弦	8s8	Short Siege Bow	短攻城弓	1	47	39	\N	5	5000	blizzhackers/d2data	uniqueitems.json	{}
unique::witherstring	60	Witherstring	凋謝之戒	hbw	Hunter's Bow	獵弓	1	18	13	\N	5	5000	blizzhackers/d2data	uniqueitems.json	{}
unique::wizardspike	262	Wizardspike	巫師之刺	7dg	Bone Knife	骸骨小刀	1	69	61	\N	5	5000	blizzhackers/d2data	uniqueitems.json	{}
unique::wizendraw	64	Wizendraw	凋謝之畫	lbb	Long Battle Bow	長戰鬥弓	1	35	26	\N	5	5000	blizzhackers/d2data	uniqueitems.json	{}
unique::woestave	52	Woestave	煩惱詩集	hal	Halberd	長戟	1	38	28	\N	5	5000	blizzhackers/d2data	uniqueitems.json	{}
unique::wolfhowl	355	Wolfhowl	狼嚎	bac	Fury Visor	暴怒面甲	1	85	79	\N	3	5000	blizzhackers/d2data	uniqueitems.json	{}
unique::wormskull	75	Wormskull	溫暖骷髏	bhm	Bone Helm	白骨頭盔	1	28	21	\N	5	5000	blizzhackers/d2data	uniqueitems.json	{}
unique::wraith-flight	386	Wraith Flight	死靈夜翔	7gl	Ghost Glaive	鬼魂尖槍	1	84	76	\N	3	5000	blizzhackers/d2data	uniqueitems.json	{}
unique::wraithstep	413	Wraithstep	Wraithstep	utb	Mirrored Boots	鏡化靴	2	73	67	\N	3	5000	blizzhackers/d2data	uniqueitems.json	{}
unique::zakarum-s-hand	144	Zakarum's Hand	撒卡蘭姆之手	9sc	Rune Scepter	符文權杖	1	45	37	\N	5	5000	blizzhackers/d2data	uniqueitems.json	{}
unique::zakarum-s-salvation	303	Zakarum's Salvation	撒卡蘭姆的救贖		\N	\N	1	\N	\N	\N	5	5000	blizzhackers/d2data	uniqueitems.json	{}
